-- MySQL dump 10.13  Distrib 8.0.31, for Win64 (x86_64)
--
-- Host: containers-us-west-84.railway.app    Database: railway
-- ------------------------------------------------------
-- Server version	8.0.33

/*!40101 SET @OLD_CHARACTER_SET_CLIENT=@@CHARACTER_SET_CLIENT */;
/*!40101 SET @OLD_CHARACTER_SET_RESULTS=@@CHARACTER_SET_RESULTS */;
/*!40101 SET @OLD_COLLATION_CONNECTION=@@COLLATION_CONNECTION */;
/*!50503 SET NAMES utf8 */;
/*!40103 SET @OLD_TIME_ZONE=@@TIME_ZONE */;
/*!40103 SET TIME_ZONE='+07:00' */;
/*!40014 SET @OLD_UNIQUE_CHECKS=@@UNIQUE_CHECKS, UNIQUE_CHECKS=0 */;
/*!40014 SET @OLD_FOREIGN_KEY_CHECKS=@@FOREIGN_KEY_CHECKS, FOREIGN_KEY_CHECKS=0 */;
/*!40101 SET @OLD_SQL_MODE=@@SQL_MODE, SQL_MODE='NO_AUTO_VALUE_ON_ZERO' */;
/*!40111 SET @OLD_SQL_NOTES=@@SQL_NOTES, SQL_NOTES=0 */;

--
-- Table structure for table `ap_account`
--

DROP TABLE IF EXISTS `ap_account`;
/*!40101 SET @saved_cs_client     = @@character_set_client */;
/*!50503 SET character_set_client = utf8mb4 */;
CREATE TABLE `ap_account` (
  `id` bigint NOT NULL AUTO_INCREMENT,
  `created_by` varchar(255) CHARACTER SET utf8mb3 COLLATE utf8mb3_bin NOT NULL,
  `created_date` datetime(6) NOT NULL,
  `modified_by` varchar(255) CHARACTER SET utf8mb3 COLLATE utf8mb3_bin NOT NULL,
  `modified_date` datetime(6) NOT NULL,
  `status` int DEFAULT NULL,
  `avatar_path` longtext COLLATE utf8mb3_bin,
  `email` varchar(255) CHARACTER SET utf8mb3 COLLATE utf8mb3_bin DEFAULT NULL,
  `full_name` varchar(255) CHARACTER SET utf8mb3 COLLATE utf8mb3_bin DEFAULT NULL,
  `is_super_admin` bit(1) DEFAULT NULL,
  `last_login` datetime(6) DEFAULT NULL,
  `password` varchar(255) CHARACTER SET utf8mb3 COLLATE utf8mb3_bin DEFAULT NULL,
  `reset_pwd_code` varchar(255) CHARACTER SET utf8mb3 COLLATE utf8mb3_bin DEFAULT NULL,
  `reset_pwd_time` datetime(6) DEFAULT NULL,
  `role_id` bigint DEFAULT NULL,
  PRIMARY KEY (`id`),
  KEY `FK6yqba4sfv6dj5xhsvodx0j3h1` (`role_id`),
  CONSTRAINT `FK6yqba4sfv6dj5xhsvodx0j3h1` FOREIGN KEY (`role_id`) REFERENCES `ap_role` (`id`)
) ENGINE=InnoDB AUTO_INCREMENT=26 DEFAULT CHARSET=utf8mb3 COLLATE=utf8mb3_bin;
/*!40101 SET character_set_client = @saved_cs_client */;

--
-- Dumping data for table `ap_account`
--

LOCK TABLES `ap_account` WRITE;
/*!40000 ALTER TABLE `ap_account` DISABLE KEYS */;
INSERT INTO `ap_account` VALUES (1,'Super Admin','2023-04-23 03:45:38.240000','Super Admin','2023-05-13 21:43:41.458000',1,'https://haycafe.vn/wp-content/uploads/2021/12/hinh-nen-one-piece-4K-luffy-cute-dang-no-dua.jpg','toannguyenit239@gmail.com','Nguyen Huynh Thanh Toan',_binary '','2023-05-08 21:35:29.029000','$2a$10$NWK/dT1t993wOuOnLv6gderKJmB9bf3duBfZ7Q8TPSQGpIEb9Qgxi','208173','2023-05-13 21:43:41.456000',1),(2,'khanh@gmail.com','2023-05-06 21:03:29.823000','khanh@gmail.com','2023-05-18 20:48:58.170000',1,'https://sm.ign.com/t/ign_ap/cover/a/avatar-gen/avatar-generations_hugw.300.jpg','khanh@gmail.com','Khanh Tran Ne',_binary '\0','2023-05-18 20:48:58.167000','$2a$10$KwFvyqRYHtPh8QhzYhvKxeSucaej6EPSVFOOlYYYx1E9y9gQGWay6',NULL,NULL,4),(3,'admin@gmail.com','2023-05-06 21:12:11.502000','admin@gmail.com','2023-05-20 00:01:35.189000',1,'https://haycafe.vn/wp-content/uploads/2021/12/Hinh-anh-One-Piece-chibi.jpg','admin@gmail.com','Admin',_binary '\0','2023-05-20 00:01:35.187000','$2a$10$z8ZyH2wVQ3DKT.qpyTP.au0zQ4pEbqoCsWFnPGk.vTwj6uMd1LbAO',NULL,NULL,2),(6,'anhngocbui332@gmail.com','2023-05-08 00:39:47.835000','anhngocbui332@gmail.com','2023-05-19 21:13:50.742000',1,'https://i.pinimg.com/236x/19/b8/d6/19b8d6e9b13eef23ec9c746968bb88b1.jpg','anhngocbui332@gmail.com','Bui Ngoc Anh',_binary '\0','2023-05-19 21:13:50.740000','$2a$10$dM9IYK33adkrP6SsnnlfFOh9XtXtZg8zWxcn.TWFAwkh.7I.p/DzG',NULL,NULL,4),(7,'20110374@student.hcmute.edu.vn','2023-05-08 09:07:27.246000','20110374@student.hcmute.edu.vn','2023-05-08 09:07:27.246000',1,'https://i.pinimg.com/236x/19/b8/d6/19b8d6e9b13eef23ec9c746968bb88b1.jpg','20110374@student.hcmute.edu.vn','Tran Minh Gia Khanh',_binary '\0',NULL,'$2a$10$e057/22xDk80vahJBmPWX.f97jyd0xFd/uu9w3CV4pUtpLcr6euvS',NULL,NULL,4),(8,'khangdeptry@gmail.com','2023-05-08 09:08:15.182000','khangdeptry@gmail.com','2023-05-08 09:08:15.182000',1,'https://i.pinimg.com/236x/19/b8/d6/19b8d6e9b13eef23ec9c746968bb88b1.jpg','khangdeptry@gmail.com','Tran Minh Gia Khang',_binary '\0',NULL,'$2a$10$Y5AskzDn0lGiaJOgUi8ak.JYqQIhPCo2mol1nSEBz3kdSPXh8EEiK',NULL,NULL,4),(9,'admin@gmail.com','2023-05-10 11:47:33.754000','admin@gmail.com','2023-05-10 11:47:33.754000',1,'./public/img/defaultAvatar2.jpg','exper@gmail.com','Expert',_binary '\0',NULL,'$2a$10$bogWwM0VRW4fvW2wx2UfsObbMaSRyeuDYA0gV7IKTQ5VopWnZFscO',NULL,NULL,3),(10,'tester1@gmail.com','2023-05-10 14:20:20.912000','tester1@gmail.com','2023-05-16 19:01:53.157000',1,'https://images.hdqwalls.com/wallpapers/pirate-monkey-d-luffy-from-one-piece-5k-za.jpg','tester1@gmail.com','ToanDev',_binary '\0','2023-05-16 19:01:53.154000','$2a$10$JR9dUcbHjb/G8k2zQto7l.gDAZltk1iTSnYUtKt44lhGfltq1yLA2',NULL,NULL,4),(11,'toannguyenit239@gmail.com','2023-05-10 14:22:26.423000','toannguyenit239@gmail.com','2023-05-10 14:22:26.423000',1,'https://haycafe.vn/wp-content/uploads/2023/05/Anh-cute-hot-nhat-hien-nay.jpg','admin2@gmail.com','Admin 2',_binary '\0',NULL,'$2a$10$MvEtP4wPQctJvq8fF5CeyuF4nZLcz9WHBlj.LrkfVDvPufQBMIDfy',NULL,NULL,2),(12,'admin@gmail.com','2023-05-10 15:54:54.497000','admin@gmail.com','2023-05-10 15:54:54.497000',1,'./img/defaultAvatar2.jpg','admin123@gmail.com','Admin2',_binary '\0',NULL,'$2a$10$xe9v0j04aM5nqJHcsWcj5uE.nOB6UriQ4TARtMPmrpyeSDwYw7LLe',NULL,NULL,2),(13,'admin@gmail.com','2023-05-10 15:57:57.162000','admin@gmail.com','2023-05-10 15:57:57.162000',1,'./img/defaultAvatar2.jpg','expert123@gmail.com','Expert2',_binary '\0',NULL,'$2a$10$D94652Yc1tLCfOiVl97MkOcJ1zwx/uzjs7FQynatJoOgEP7wdPHbq',NULL,NULL,3),(14,'admin@gmail.com','2023-05-11 13:14:50.408000','admin@gmail.com','2023-05-11 13:14:50.408000',1,'./img/defaultAvatar2.jpg','admin297@gmail.com','KhanhTranLaAdmin',_binary '\0',NULL,'$2a$10$FMjth.GAylEdqG0CKsDPfO05sd/MqhpIAxEj3rYoMc8IgZDlwBfw2',NULL,NULL,2),(18,'admin@gmail.com','2023-05-15 14:44:25.605000','admin@gmail.com','2023-05-15 14:44:25.605000',1,'./img/defaultAvatar2.jpg','anhngocbui3322@gmail.com','Bui Ngoc Anh',_binary '\0',NULL,'$2a$10$tX912nqDyVSJSLB4YLpE2eCVq06uUIFzdt.78fIqrTV.xx28Lsz46',NULL,NULL,2),(19,'admin@gmail.com','2023-05-15 14:45:33.317000','admin@gmail.com','2023-05-15 14:45:33.317000',1,'./img/defaultAvatar2.jpg','anhngocbui3333322@gmail.com','Bui Ngoc Anh',_binary '\0',NULL,'$2a$10$PMcNmO6fwihdm9Qf1.ZEL.ukGeHWOAqYKBQKKBKPTDviKac2tGnta',NULL,NULL,3),(20,'thanhtoan08082002@gmail.com','2023-05-19 15:14:57.577000','thanhtoan08082002@gmail.com','2023-05-19 16:18:51.915000',1,'https://scontent.fsgn2-5.fna.fbcdn.net/v/t39.30808-6/324242429_1861574540872552_7738926404443795329_n.jpg?_nc_cat=106&ccb=1-7&_nc_sid=09cbfe&_nc_ohc=6MZeVfJGAFYAX-ZKbyI&_nc_ht=scontent.fsgn2-5.fna&oh=00_AfBC38yjZFE8VtAwJCaF62hW-UdFy3ZOYdMXGowjX1ztew&oe=646C74CE','thanhtoan08082002@gmail.com','Toàn Huỳnh Thanh Nguyễn',_binary '\0','2023-05-19 16:18:51.913000','$2a$10$lpksbPTRPKktQcEimUiUAeNmCe/OHXJneoED9/.u/JdeATck3R1RC',NULL,NULL,4),(21,'toannguyenit239@gmail.com','2023-05-19 15:32:29.419000','toannguyenit239@gmail.com','2023-05-19 15:33:13.949000',1,'https://scontent.fsgn2-5.fna.fbcdn.net/v/t39.30808-6/336358435_157050623892025_8714023248373159556_n.jpg?stp=cp6_dst-jpg&_nc_cat=104&ccb=1-7&_nc_sid=174925&_nc_ohc=IUDLWgOK0R8AX_Cmpf0&_nc_ht=scontent.fsgn2-5.fna&oh=00_AfC7b3rsCCWECj08oaVZ93U9hl8M086K04gAq6QwP_MCag&oe=646C0617','20110354@student.hcmute.edu.vn','Anh Bui',_binary '\0','2023-05-19 15:33:13.948000','$2a$10$9zFM6.RGM14LPpWhImpON.jYV73P.9RgeoymLX15VDQWAdlGXoLd6',NULL,NULL,3),(22,'toannguyenit239@gmail.com','2023-05-19 15:37:52.109000','toannguyenit239@gmail.com','2023-05-19 15:38:31.468000',1,'https://scontent.fsgn2-7.fna.fbcdn.net/v/t39.30808-6/269606759_437373651272804_2258981276819198007_n.jpg?_nc_cat=108&ccb=1-7&_nc_sid=09cbfe&_nc_ohc=cmcw1Dpq494AX-Q_2Gs&_nc_ht=scontent.fsgn2-7.fna&oh=00_AfBl8A4qer8XbVh1gmJSk6J6_8XnXzcwsEaj_Sb6oH0jig&oe=646BF117','thanhtoan.010100@gmail.com','Dr.Stone',_binary '\0','2023-05-19 15:38:31.466000','$2a$10$1DhL8InDSJg8sI9wVAR95uFASxNagQBAthkUEAYUdO.qLB7BICTzy',NULL,NULL,3),(23,'toannguyenit239@gmail.com','2023-05-19 15:48:27.912000','toannguyenit239@gmail.com','2023-05-19 15:48:38.360000',1,'https://scontent.fsgn2-5.fna.fbcdn.net/v/t39.30808-1/218273042_2740715706220495_1471631691438823628_n.jpg?stp=dst-jpg_p320x320&_nc_cat=104&ccb=1-7&_nc_sid=7206a8&_nc_ohc=Hu_J8kEXjg8AX_XOR1_&_nc_oc=AQn5m1wMmSHe--QR0Y9R2Y2oes9sbihYybGTXOaA4wbcnjeUAUptkn8TMSChXdQ4Ah8&_nc_ht=scontent.fsgn2-5.fna&oh=00_AfDvzl6-jcRzSBkG8cQmmmtMjoUr89KoJhAj07Nr7xbk2g&oe=646BE387','20110384@student.hcmute.edu.vn','Dr.Nam',_binary '\0','2023-05-19 15:48:38.359000','$2a$10$Pmn8UNO918wnhNgWD.e34.YWKn44ZbZiPRRgkwx1cdBnHy9PRCAX.',NULL,NULL,3),(24,'toannguyenit239@gmail.com','2023-05-19 15:50:22.498000','toannguyenit239@gmail.com','2023-05-19 15:50:39.772000',1,'https://scontent.fsgn2-7.fna.fbcdn.net/v/t39.30808-6/340566834_600301938825735_3471768829645317465_n.jpg?_nc_cat=100&ccb=1-7&_nc_sid=174925&_nc_ohc=eVwgE0pcV34AX_E4aQ7&_nc_ht=scontent.fsgn2-7.fna&oh=00_AfDyuQucTQalbKhvX5M6lkO3CRQDFk1snLXh_kcMqSoPyg&oe=646CE2D7','20110373@student.hcmute.edu.vn','Dr.Khanh',_binary '\0','2023-05-19 15:50:39.771000','$2a$10$m4i.s0woZ4pWOR77HOD.FOyx/phS/DggdxP2613AuJr3MLiBVSYf6',NULL,NULL,3),(25,'thanhtoan0808@gmail.com','2023-05-19 23:38:43.612000','thanhtoan0808@gmail.com','2023-05-19 23:38:47.191000',1,'https://i.pinimg.com/236x/19/b8/d6/19b8d6e9b13eef23ec9c746968bb88b1.jpg','thanhtoan0808@gmail.com','Toan',_binary '\0','2023-05-19 23:38:47.190000','$2a$10$Uw3MlTxC1AeJtljJJ93lseKZPTbNm8VcmE6fju6Fa1pW6sCtJhDaS',NULL,NULL,4);
/*!40000 ALTER TABLE `ap_account` ENABLE KEYS */;
UNLOCK TABLES;

--
-- Table structure for table `ap_bookmark`
--

DROP TABLE IF EXISTS `ap_bookmark`;
/*!40101 SET @saved_cs_client     = @@character_set_client */;
/*!50503 SET character_set_client = utf8mb4 */;
CREATE TABLE `ap_bookmark` (
  `id` bigint NOT NULL AUTO_INCREMENT,
  `created_by` varchar(255) NOT NULL,
  `created_date` datetime(6) NOT NULL,
  `modified_by` varchar(255) NOT NULL,
  `modified_date` datetime(6) NOT NULL,
  `status` int DEFAULT NULL,
  `account_id` bigint DEFAULT NULL,
  `post_id` bigint DEFAULT NULL,
  PRIMARY KEY (`id`),
  KEY `FKmrpye75puw44t1upkq5u0u1xg` (`account_id`),
  KEY `FKj7gtbvlhrnhy7eue66ysy4yge` (`post_id`),
  CONSTRAINT `FKj7gtbvlhrnhy7eue66ysy4yge` FOREIGN KEY (`post_id`) REFERENCES `ap_post` (`id`),
  CONSTRAINT `FKmrpye75puw44t1upkq5u0u1xg` FOREIGN KEY (`account_id`) REFERENCES `ap_account` (`id`)
) ENGINE=InnoDB AUTO_INCREMENT=85 DEFAULT CHARSET=utf8mb4 COLLATE=utf8mb4_0900_ai_ci;
/*!40101 SET character_set_client = @saved_cs_client */;

--
-- Dumping data for table `ap_bookmark`
--

LOCK TABLES `ap_bookmark` WRITE;
/*!40000 ALTER TABLE `ap_bookmark` DISABLE KEYS */;
INSERT INTO `ap_bookmark` VALUES (81,'thanhtoan.010100@gmail.com','2023-05-19 15:44:21.050000','thanhtoan.010100@gmail.com','2023-05-19 15:44:21.050000',1,22,58),(82,'20110373@student.hcmute.edu.vn','2023-05-19 16:17:35.195000','20110373@student.hcmute.edu.vn','2023-05-19 16:17:35.195000',1,24,68),(84,'anhngocbui332@gmail.com','2023-05-19 22:53:10.539000','anhngocbui332@gmail.com','2023-05-19 22:53:10.539000',1,6,69);
/*!40000 ALTER TABLE `ap_bookmark` ENABLE KEYS */;
UNLOCK TABLES;

--
-- Table structure for table `ap_comment`
--

DROP TABLE IF EXISTS `ap_comment`;
/*!40101 SET @saved_cs_client     = @@character_set_client */;
/*!50503 SET character_set_client = utf8mb4 */;
CREATE TABLE `ap_comment` (
  `id` bigint NOT NULL AUTO_INCREMENT,
  `created_by` varchar(255) CHARACTER SET utf8mb3 COLLATE utf8mb3_bin NOT NULL,
  `created_date` datetime(6) NOT NULL,
  `modified_by` varchar(255) CHARACTER SET utf8mb3 COLLATE utf8mb3_bin NOT NULL,
  `modified_date` datetime(6) NOT NULL,
  `status` int DEFAULT NULL,
  `content` longtext CHARACTER SET utf8mb3 COLLATE utf8mb3_bin,
  `account_id` bigint DEFAULT NULL,
  `post_id` bigint DEFAULT NULL,
  `has_child` bit(1) DEFAULT NULL,
  `parent_id` bigint DEFAULT NULL,
  PRIMARY KEY (`id`),
  KEY `FKrq6eh04ggt1rw99gtk4t96jg1` (`account_id`),
  KEY `FK324dvbq965xvbgt1o6nyinacv` (`post_id`),
  KEY `FKdw49cd6kny6n1e88qgo2jdo6j` (`parent_id`),
  CONSTRAINT `FK324dvbq965xvbgt1o6nyinacv` FOREIGN KEY (`post_id`) REFERENCES `ap_post` (`id`),
  CONSTRAINT `FKdw49cd6kny6n1e88qgo2jdo6j` FOREIGN KEY (`parent_id`) REFERENCES `ap_comment` (`id`),
  CONSTRAINT `FKrq6eh04ggt1rw99gtk4t96jg1` FOREIGN KEY (`account_id`) REFERENCES `ap_account` (`id`)
) ENGINE=InnoDB AUTO_INCREMENT=36 DEFAULT CHARSET=utf8mb3 COLLATE=utf8mb3_bin;
/*!40101 SET character_set_client = @saved_cs_client */;

--
-- Dumping data for table `ap_comment`
--

LOCK TABLES `ap_comment` WRITE;
/*!40000 ALTER TABLE `ap_comment` DISABLE KEYS */;
INSERT INTO `ap_comment` VALUES (26,'20110373@student.hcmute.edu.vn','2023-05-19 16:16:39.905000','20110373@student.hcmute.edu.vn','2023-05-19 16:22:41.565000',1,'Các mẹ nhớ nên nên đặt trẻ nằm nghiêng, luân phiên nằm nghiêng bên phải rồi bên trái và ngược lại. Ở tư thế này trẻ sẽ đỡ bị sặc nếu bé trớ sữa ra. Dưới má trẻ có thể đặt một mảnh giấy hoặc vải mềm để lót.',24,68,_binary '',NULL),(27,'anhngocbui332@gmail.com','2023-05-19 16:22:41.561000','anhngocbui332@gmail.com','2023-05-19 16:22:41.561000',1,'Cảm ơn',6,68,_binary '\0',26),(28,'anhngocbui332@gmail.com','2023-05-19 16:25:13.306000','anhngocbui332@gmail.com','2023-05-19 16:25:13.306000',1,'Những dụng cụ ăn dặm cho bé mẹ nên chuẩn bị:\nThìa, muỗng\nKhay ăn có nhiều ngăn\nLy uống nước\nYếm ăn\nKhăn và giấy ăn\nGhế cho bé tập ăn dặm\nNồi/ cốc nấu cháo\nNồi hấp.',6,69,_binary '\0',NULL),(29,'thanhtoan08082002@gmail.com','2023-05-19 16:26:50.009000','thanhtoan08082002@gmail.com','2023-05-19 16:27:33.983000',1,'Các mẹ nên nhớ, những đứa trẻ sơ sinh không có nhiều cảm xúc, do đó nếu bé nhìn chằm chằm vào mắt, cười và bi bô như muốn nói chuyện với bạn thì các mẹ hãy yên tâm rằng mình chính là cả thế giới của bé!',20,70,_binary '',NULL),(30,'anhngocbui332@gmail.com','2023-05-19 16:27:33.981000','anhngocbui332@gmail.com','2023-05-19 16:29:05.413000',1,'Nhưng mà với ai nó cũng vậy',6,70,_binary '',29),(31,'thanhtoan08082002@gmail.com','2023-05-19 16:29:05.411000','thanhtoan08082002@gmail.com','2023-05-19 16:31:46.775000',1,'Vui lòng đọc lại vế 1',20,70,_binary '',30),(32,'anhngocbui332@gmail.com','2023-05-19 16:31:46.773000','anhngocbui332@gmail.com','2023-05-19 16:32:20.451000',1,'report',6,70,_binary '',31),(33,'thanhtoan08082002@gmail.com','2023-05-19 16:32:20.449000','thanhtoan08082002@gmail.com','2023-05-19 16:32:20.449000',1,'Thử đê',20,70,_binary '\0',32);
/*!40000 ALTER TABLE `ap_comment` ENABLE KEYS */;
UNLOCK TABLES;

--
-- Table structure for table `ap_permission`
--

DROP TABLE IF EXISTS `ap_permission`;
/*!40101 SET @saved_cs_client     = @@character_set_client */;
/*!50503 SET character_set_client = utf8mb4 */;
CREATE TABLE `ap_permission` (
  `id` bigint NOT NULL AUTO_INCREMENT,
  `created_by` varchar(255) CHARACTER SET utf8mb3 COLLATE utf8mb3_bin NOT NULL,
  `created_date` datetime(6) NOT NULL,
  `modified_by` varchar(255) CHARACTER SET utf8mb3 COLLATE utf8mb3_bin NOT NULL,
  `modified_date` datetime(6) NOT NULL,
  `status` int DEFAULT NULL,
  `action` varchar(255) CHARACTER SET utf8mb3 COLLATE utf8mb3_bin DEFAULT NULL,
  `description` varchar(255) CHARACTER SET utf8mb3 COLLATE utf8mb3_bin DEFAULT NULL,
  `name` varchar(255) CHARACTER SET utf8mb3 COLLATE utf8mb3_bin DEFAULT NULL,
  `name_group` varchar(255) CHARACTER SET utf8mb3 COLLATE utf8mb3_bin DEFAULT NULL,
  `p_code` varchar(255) CHARACTER SET utf8mb3 COLLATE utf8mb3_bin DEFAULT NULL,
  `show_menu` bit(1) DEFAULT NULL,
  PRIMARY KEY (`id`),
  UNIQUE KEY `UK_b2gb8kpw03stgk6yiicexduw7` (`name`)
) ENGINE=InnoDB AUTO_INCREMENT=32 DEFAULT CHARSET=utf8mb3 COLLATE=utf8mb3_bin;
/*!40101 SET character_set_client = @saved_cs_client */;

--
-- Dumping data for table `ap_permission`
--

LOCK TABLES `ap_permission` WRITE;
/*!40000 ALTER TABLE `ap_permission` DISABLE KEYS */;
INSERT INTO `ap_permission` VALUES (1,'anonymousUser','2023-04-21 03:12:32.769000','anonymousUser','2023-04-21 03:12:32.769000',1,'/v1/permission/create','Create a Permission','Create Permission','Permission','PERMISSION.C',_binary ''),(2,'anonymousUser','2023-04-21 03:12:32.967000','anonymousUser','2023-04-21 03:12:32.967000',1,'/v1/permission/update','Update a Permission','Update Permission','Permission','PERMISSION.U',_binary ''),(3,'anonymousUser','2023-04-21 03:12:33.136000','anonymousUser','2023-04-21 03:12:33.136000',1,'/v1/permission/delete','Delete a Permission','Delete Permission','Permission','PERMISSION.D',_binary ''),(4,'anonymousUser','2023-04-21 03:12:33.317000','anonymousUser','2023-04-21 03:12:33.317000',1,'/v1/permission/list','List a Permission','List Permission','Permission','PERMISSION.L',_binary ''),(5,'anonymousUser','2023-04-21 03:12:33.476000','anonymousUser','2023-04-21 03:12:33.476000',1,'/v1/permission/get','Get a Permission','Get Permission','Permission','PERMISSION.V',_binary ''),(6,'anonymousUser','2023-04-21 03:12:33.651000','anonymousUser','2023-04-21 03:12:33.651000',1,'/v1/role/create','Create a Role','Create Role','Role','ROLE.C',_binary ''),(7,'anonymousUser','2023-04-21 03:12:33.831000','anonymousUser','2023-04-21 03:12:33.831000',1,'/v1/role/update','Update a Role','Update Role','Role','ROLE.U',_binary ''),(8,'anonymousUser','2023-04-21 03:12:34.020000','anonymousUser','2023-04-21 03:12:34.020000',1,'/v1/role/delete','Delete a Role','Delete Role','Role','ROLE.D',_binary ''),(9,'anonymousUser','2023-04-21 03:12:34.189000','anonymousUser','2023-04-21 03:12:34.189000',1,'/v1/role/list','List a Role','List Role','Role','ROLE.L',_binary ''),(10,'anonymousUser','2023-04-21 03:12:34.369000','anonymousUser','2023-04-21 03:12:34.369000',1,'/v1/role/get','Get a Role','Get Role','Role','ROLE.V',_binary ''),(11,'toannguyenit239@gmail.com','2023-04-24 15:33:17.150000','toannguyenit239@gmail.com','2023-04-24 15:33:17.150000',1,'/v1/account/create-admin','Create new Admin','Create Account Admin','Account','ADMIN.C',_binary ''),(12,'toannguyenit239@gmail.com','2023-04-24 18:19:25.239000','toannguyenit239@gmail.com','2023-04-24 18:19:25.239000',1,'/v1/user/profile','Get User Profile','Get User Profile','Account','USER.V',_binary ''),(13,'toannguyenit239@gmail.com','2023-04-24 18:21:31.670000','toannguyenit239@gmail.com','2023-04-24 18:21:31.670000',1,'/v1/user/create-expert','Create Expert Account','Create Expert Account','Account','EXPERT.C',_binary ''),(14,'toannguyenit239@gmail.com','2023-04-24 18:46:42.107000','toannguyenit239@gmail.com','2023-04-24 18:46:42.107000',1,'/v1/account/update-admin','Update Admin Account','Update Admin Account','Account','ADMIN.U',_binary ''),(15,'toannguyenit239@gmail.com','2023-04-24 18:47:33.735000','toannguyenit239@gmail.com','2023-04-24 18:47:33.735000',1,'/v1/account/delete','Delete Account','Delete Account','Account','ADMIN.D',_binary ''),(16,'toannguyenit239@gmail.com','2023-04-24 18:52:47.823000','toannguyenit239@gmail.com','2023-04-24 18:52:47.823000',1,'/v1/post/create','Create Post','Create Post','Post','POST.C',_binary ''),(17,'toannguyenit239@gmail.com','2023-04-24 18:53:05.574000','toannguyenit239@gmail.com','2023-04-24 18:53:05.574000',1,'/v1/post/update','Update Post','Update Post','Post','POST.U',_binary ''),(18,'toannguyenit239@gmail.com','2023-04-24 18:53:20.693000','toannguyenit239@gmail.com','2023-04-24 18:53:20.693000',1,'/v1/post/get','Get Post','Get Post','Post','POST.V',_binary ''),(19,'toannguyenit239@gmail.com','2023-04-24 18:53:34.786000','toannguyenit239@gmail.com','2023-04-24 18:53:34.786000',1,'/v1/post/list','List Post','List Post','Post','POST.L',_binary ''),(20,'toannguyenit239@gmail.com','2023-04-24 18:53:46.619000','toannguyenit239@gmail.com','2023-04-24 18:53:46.619000',1,'/v1/post/delete','Delete Post','Delete Post','Post','POST.D',_binary ''),(21,'toannguyenit239@gmail.com','2023-04-24 18:55:27.041000','toannguyenit239@gmail.com','2023-04-24 18:55:27.041000',1,'/v1/comment/delete','Delete Comment','Delete Comment','Comment','COMMENT.D',_binary ''),(22,'toannguyenit239@gmail.com','2023-04-24 18:55:44.677000','toannguyenit239@gmail.com','2023-04-24 18:55:44.677000',1,'/v1/comment/create','Create Comment','Create Comment','Comment','COMMENT.C',_binary ''),(23,'toannguyenit239@gmail.com','2023-04-24 18:55:59.217000','toannguyenit239@gmail.com','2023-04-24 18:55:59.217000',1,'/v1/comment/update','Update Comment','Update Comment','Comment','COMMENT.U',_binary ''),(24,'toannguyenit239@gmail.com','2023-04-24 18:56:28.621000','toannguyenit239@gmail.com','2023-04-24 18:56:28.621000',1,'/v1/comment/get','Get Comment','Get Comment','Comment','COMMENT.V',_binary ''),(25,'toannguyenit239@gmail.com','2023-04-24 18:56:40.548000','toannguyenit239@gmail.com','2023-04-24 18:56:40.548000',1,'/v1/comment/list','List Comment','List Comment','Comment','COMMENT.L',_binary ''),(26,'toannguyenit239@gmail.com','2023-04-25 15:23:32.064000','toannguyenit239@gmail.com','2023-04-25 15:23:32.064000',1,'/v1/account/change-password','Change password','Change password','Account','PASSWORD.U',_binary ''),(27,'toannguyenit239@gmail.com','2023-04-25 15:24:52.307000','toannguyenit239@gmail.com','2023-04-25 15:24:52.307000',1,'/v1/user/update','Update User Profile','Update User Profile','Account','USER.U',_binary ''),(28,'toannguyenit239@gmail.com','2023-05-05 12:11:17.531000','toannguyenit239@gmail.com','2023-05-05 12:11:17.531000',1,'/v1/account/list','List Account','List Account','Account','ACCOUNT.L',_binary ''),(29,'toannguyenit239@gmail.com','2023-05-15 15:05:10.301000','toannguyenit239@gmail.com','2023-05-15 15:05:10.301000',1,'/v1/post/add-bookmark','Add Bookmark','Add Bookmark','Post','BOOKMARK.C',_binary ''),(30,'toannguyenit239@gmail.com','2023-05-15 15:05:59.873000','toannguyenit239@gmail.com','2023-05-15 15:05:59.873000',1,'/v1/post/remove-bookmark','Remove Bookmark','Remove Bookmark','Post','BOOKMARK.D',_binary ''),(31,'toannguyenit239@gmail.com','2023-05-15 15:06:31.940000','toannguyenit239@gmail.com','2023-05-15 15:06:31.940000',1,'/v1/post/bookmark-list','List Bookmark','List Bookmark','Post','BOOKMARK.L',_binary '');
/*!40000 ALTER TABLE `ap_permission` ENABLE KEYS */;
UNLOCK TABLES;

--
-- Table structure for table `ap_permission_role`
--

DROP TABLE IF EXISTS `ap_permission_role`;
/*!40101 SET @saved_cs_client     = @@character_set_client */;
/*!50503 SET character_set_client = utf8mb4 */;
CREATE TABLE `ap_permission_role` (
  `role_id` bigint NOT NULL,
  `permission_id` bigint NOT NULL,
  KEY `FKkmhloy3yfac84mgdahcdy961e` (`permission_id`),
  KEY `FK73igqf70yd0cwyuyrcq8y0nix` (`role_id`),
  CONSTRAINT `FK73igqf70yd0cwyuyrcq8y0nix` FOREIGN KEY (`role_id`) REFERENCES `ap_role` (`id`),
  CONSTRAINT `FKkmhloy3yfac84mgdahcdy961e` FOREIGN KEY (`permission_id`) REFERENCES `ap_permission` (`id`)
) ENGINE=InnoDB DEFAULT CHARSET=utf8mb3 COLLATE=utf8mb3_bin;
/*!40101 SET character_set_client = @saved_cs_client */;

--
-- Dumping data for table `ap_permission_role`
--

LOCK TABLES `ap_permission_role` WRITE;
/*!40000 ALTER TABLE `ap_permission_role` DISABLE KEYS */;
INSERT INTO `ap_permission_role` VALUES (1,1),(1,2),(1,3),(1,4),(1,5),(1,6),(1,7),(1,8),(1,9),(1,10),(1,11),(1,12),(1,13),(1,14),(1,15),(1,16),(1,17),(1,18),(1,19),(1,20),(1,21),(1,22),(1,23),(1,24),(1,25),(1,26),(1,27),(1,28),(2,4),(2,5),(2,9),(2,10),(2,11),(2,12),(2,13),(2,14),(2,15),(2,16),(2,17),(2,18),(2,19),(2,20),(2,21),(2,22),(2,23),(2,24),(2,25),(2,26),(2,27),(2,28),(3,12),(3,16),(3,17),(3,18),(3,19),(3,20),(3,21),(3,22),(3,23),(3,24),(3,25),(3,26),(3,27),(4,12),(4,16),(4,17),(4,18),(4,19),(4,20),(4,21),(4,22),(4,23),(4,24),(4,25),(4,26),(4,27),(3,29),(3,30),(3,31),(4,29),(4,30),(4,31);
/*!40000 ALTER TABLE `ap_permission_role` ENABLE KEYS */;
UNLOCK TABLES;

--
-- Table structure for table `ap_post`
--

DROP TABLE IF EXISTS `ap_post`;
/*!40101 SET @saved_cs_client     = @@character_set_client */;
/*!50503 SET character_set_client = utf8mb4 */;
CREATE TABLE `ap_post` (
  `id` bigint NOT NULL AUTO_INCREMENT,
  `created_by` varchar(255) CHARACTER SET utf8mb3 COLLATE utf8mb3_bin NOT NULL,
  `created_date` datetime(6) NOT NULL,
  `modified_by` varchar(255) CHARACTER SET utf8mb3 COLLATE utf8mb3_bin NOT NULL,
  `modified_date` datetime(6) NOT NULL,
  `status` int DEFAULT NULL,
  `content` longtext CHARACTER SET utf8mb3 COLLATE utf8mb3_bin,
  `title` longtext CHARACTER SET utf8mb3 COLLATE utf8mb3_bin,
  `account_id` bigint DEFAULT NULL,
  `type` int DEFAULT NULL,
  PRIMARY KEY (`id`),
  KEY `FKoaiyvuiuabquovl2qljx3xegg` (`account_id`),
  CONSTRAINT `FKoaiyvuiuabquovl2qljx3xegg` FOREIGN KEY (`account_id`) REFERENCES `ap_account` (`id`)
) ENGINE=InnoDB AUTO_INCREMENT=71 DEFAULT CHARSET=utf8mb3 COLLATE=utf8mb3_bin;
/*!40101 SET character_set_client = @saved_cs_client */;

--
-- Dumping data for table `ap_post`
--

LOCK TABLES `ap_post` WRITE;
/*!40000 ALTER TABLE `ap_post` DISABLE KEYS */;
INSERT INTO `ap_post` VALUES (51,'thanhtoan08082002@gmail.com','2023-05-19 22:25:08.000000','thanhtoan08082002@gmail.com','2023-05-19 22:25:08.000000',1,'<p style=\"text-align: justify;\"><strong style=\"color: rgb(85, 85, 85); background-color: initial;\">3 điều mẹ cần lưu ý để mẹ chăm sóc trẻ khỏe mạnh, an toàn trong mùa nắng nóng:</strong></p><p><br></p><p style=\"text-align: justify;\"><em style=\"background-color: initial;\">Cho con ăn trái cây chứa nhiều nước</em></p><p style=\"text-align: justify;\">Chế độ dinh dưỡng cho trẻ trong mùa hè là điều các bà mẹ nên chú ý quan tâm. Theo đó, nên cho trẻ ăn nhiều loại trái cây chứa nhiều nước như dưa hấu, đu đủ, dâu tây, xoài… là những loại trái cây giàu vitamin C, Kali, Beta-Caroten và nhiều khoáng chất giúp cơ thể trẻ tăng cường sức đề kháng.</p><p><span style=\"background-color: initial;\"><img src=\"https://media.phunutoday.vn/files/content/2022/06/22/20210518213041840003cho-be-an-1544.jpg\"></span></p><p style=\"text-align: justify;\">Bên cạnh đó, cha mẹ cũng cần lưu ý tránh để trẻ ăn quá nhiều đồ dầu mỡ, chiên rán hay nước có ga vì dễ gây hiện tượng nổi mẩn, mụn và nóng trong người. Hãy khuyến khích trẻ uống nước hoa quả, đặc biệt là ăn nhiều rau như rau muống, bí xanh, rau dền đỏ…</p><p style=\"text-align: justify;\"><em style=\"background-color: initial;\">Cho trẻ uống nhiều nước</em></p><p style=\"text-align: justify;\">Ngoài việc cân bằng dinh dưỡng trong ăn uống thường ngày, cha mẹ cũng đừng quên tập thói quen cho con uống nhiều nước. Lý do là bởi mùa hè khá nắng nóng, trẻ dễ toát mồ hôi mỗi khi vận động nên việc cơ thể thiếu nước là điều không tránh khỏi. Do đó, hãy nhắc nhở trẻ uống nước đều đặn để cung cấp lượng nước cần thiết vào trong cơ thể. Việc được bổ sung nước thường xuyên sẽ giúp trẻ tránh được tình trạng mệt mỏi, giúp trẻ phát triển toàn diện và khỏe mạnh hơn.</p><p><span style=\"background-color: initial;\"><img src=\"https://media.phunutoday.vn/files/content/2022/06/22/5-1544.jpg\"></span></p><p style=\"text-align: justify;\"><em style=\"background-color: initial;\">Giúp con tránh nắng nhưng không lạm dụng điều hòa</em></p><p style=\"text-align: justify;\">Mùa hè cũng là thời điểm nhiều gia đình lựa chọn mở điều hòa cả ngày để giảm bớt những cơn nóng bức. Tuy nhiên, các chuyên gia cho rằng, việc để trẻ nhỏ ở trong phòng điều hòa liên tục sẽ khiến trẻ có nguy cơ bị viêm họng, cảm cúm, hắt hơi sổ mũi…</p><p><span style=\"background-color: initial;\"><img src=\"https://media.phunutoday.vn/files/content/2022/06/22/1-1544.jpg\"></span></p><p style=\"text-align: justify;\">Lưu ý, khi dùng điều hoà cho trẻ chỉ nên duy trì ở mức nhiệt 26 – 28 độ, bảo đảm làm sao không quá chênh lệch so với nhiệt độ ở ngoài. Đồng thời, không để trẻ ở trong phòng lạnh quá lâu mà nên lựa chọn khoảng thời gian mát mẻ (chiều hoặc tối) để các con ra khỏi phòng. Việc tránh nắng nếu chỉ trốn ở trong nhà từ sáng đến tối thì sẽ làm trẻ thiếu vitamin D. Vì vậy nên cho trẻ ra nắng vào lúc nắng dịu khoảng 8g - 9g sáng.</p>','Ngày hè trời nóng như rang, mẹ cần lưu ý 3 điều này để con khỏe mạnh, chẳng cần uống viên thuốc nào',20,1),(52,'thanhtoan08082002@gmail.com','2023-05-19 22:26:38.000000','thanhtoan08082002@gmail.com','2023-05-19 22:26:38.000000',1,'<p style=\"text-align: justify;\"><strong style=\"color: rgb(85, 85, 85); background-color: initial;\">3 đứa trẻ phạm lỗi, 3 cách&nbsp;dạy con&nbsp;của người mẹ&nbsp;</strong></p><p><br></p><p style=\"text-align: justify;\">3 đứa trẻ vì tranh nhau kẹo bánh mà cãi nhau giữa phố. 3 bà mẹ bắt gặp và có 3 cách trừng phạt, dạy con khác nhau.</p><p><br></p><p style=\"text-align: justify;\">Người mẹ thứ nhất thẳng tay tát vào mặt con, thậm chí còn mắng chửi thậm tệ: \"Sau con hư như vậy, thật là mất mặt. Lần sau không được phép hành xử như thế này nữa\".</p><p style=\"text-align: justify;\">Người mẹ thứ hai vô cùng hiền dịu, không mắng chửi, lặng lẽ băng bó lại vết thương cho con. Sau đó đỡ con dậy và nói: \"Về nhà, mẹ sẽ nói chuyện với con sau.\"</p><p><span style=\"background-color: initial;\"><img src=\"https://media.phunutoday.vn/files/content/2019/11/23/day-con-ngoan-ngoan-2-0953.jpg\"></span></p><p style=\"text-align: justify;\">Người mẹ cuối cùng an ủi con: \"Trẻ con ai cũng chẳng có xô xát, bố con hồi bé còn cũng là dân anh chị đấy. Lần sau không để mình bị thương là được rồi\". Nói xong, chị ta cũng như người mẹ trước, băng vết thương lại cho con.&nbsp;</p><p style=\"text-align: justify;\"><strong style=\"color: rgb(85, 85, 85); background-color: initial;\">...và 3 cuộc đời khác nhau</strong></p><p style=\"text-align: justify;\">Người mẹ thứ nhất, không giữ thể diện cho con chốn đông người, sẽ khiến con cảm thấy sợ hãi, hoảng loạn. Đây không phải cách dạy con thông minh, vì sẽ khiến con bị kìm kẹp, quản chế, không được phát triển tự nhiên, trở nên nhút nhát và khép mình khi trưởng thành.</p><p style=\"text-align: justify;\">Người mẹ thứ hai, dịu dàng và ôn nhu, sẽ dạy trẻ hiểu thế nào là bao dung đích thực, biết tôn trọng khuyết điểm và nhân cách của người khác. Phàm chuyện gì, cũng đừng giận quá mất khôn, biết giữ thể diện cho người khác cũng là mang đến lợi ích cho chính mình.&nbsp;</p><p><span style=\"background-color: initial;\"><img src=\"https://media.phunutoday.vn/files/content/2019/11/23/day-con-ngoan-ngoan-0954.jpg\"></span></p><p style=\"text-align: justify;\">Người mẹ cuối cùng lại quá nuông chiều và dung túng. Trẻ sẽ nghĩ rằng, lỗi lầm của mình là đương nhiên, ai cũng có thể phạm phải, đã sai càng thêm sai. Thậm chí lớn lên với tình yêu \"vô bờ bến\" quá mức này, trẻ sẽ trở nên vô kỷ luật, thậm chí sa đà vào tệ nạn xã hội.</p><p style=\"text-align: justify;\"><strong style=\"color: rgb(85, 85, 85); background-color: initial;\">Đôi điều nhắn gửi</strong></p><p style=\"text-align: justify;\">Mẹ muốn dạy con trở thành người tự tin và bản lĩnh, trước tiên phải giữ được cái đầu lạnh. Không được dung túng quá mức cho con, cũng đừng quát mắng con giữa chốn đông người. Hãy giữ cho con thể diện, duy trì một sự sợ hãi vừa đủ để con vào khuôn phép, đồng thời, hãy quan tâm và bao dung với con. Như vậy, con mới có thể phát triển toàn diện.</p>','3 đứa trẻ phạm lỗi, 3 cách ứng xử của người mẹ và 3 cuộc đời khác nhau',20,1),(53,'thanhtoan08082002@gmail.com','2023-05-19 22:27:44.000000','thanhtoan08082002@gmail.com','2023-05-19 22:27:44.000000',1,'<p style=\"text-align: justify;\">Thời gian để tắm nắng cho trẻ trong một ngày&nbsp;thích hợp nhất là từ 6 – 9h sáng và sau 4 – 5h chiều. Từ 6 – 9 h sáng là lúc tia hồng ngoại và tia cực tím từ mặt trời tương đối yếu nên có thể thúc đẩy quá trình trao đổi chất trong cơ thể bé.</p><p><br></p><p style=\"text-align: justify;\"><strong style=\"color: rgb(85, 85, 85); background-color: initial;\">Thời gian nào là thích hợp để tắm nắng cho trẻ nhỏ</strong></p><p><br></p><p><span style=\"background-color: initial;\"><img src=\"https://media.phunutoday.vn/files/trangh707/2017/01/05/r23-1111.jpg\"></span>&nbsp;<em style=\"background-color: initial;\">Thoi gian vang de tam nang cho tre nho. (phunutoday.vn) Nguon: Internet.</em></p><p style=\"text-align: justify;\">Khoảng 7-10 ngày sau khi sinh, bé đã có thể tắm nắng để cơ thể tổng hợp&nbsp;vitamin D. Trong ngày, mẹ chỉ nên cho bé tắm nắng trong khoảng thời gian từ 6-9 giờ sáng và sau 5 giờ chiều. Trong khoảng thời gian từ 6-9 giờ, tia hồng ngoại và tia cực tím trong ánh mặt trời khá yếu, thích hợp để giúp bé thúc đẩy quá trình trao đổi chất cho cơ thể. Ngược lại, khoảng thời gian sau 5 giờ chiều, tia X-quang trong ánh mặt trời sẽ giúp bé cưng hấp thụ can-xi và phốt pho một cách tốt nhất, có ích cho sự phát triển xương.</p><p style=\"text-align: justify;\">Mẹ cần lưu ý không nên tắm nắng cho bé quá lâu. Nếu thấy da bé chuyển sang màu đỏ, ra nhiều mồ hôi, mạch đập nhanh thì nên nhanh chóng đưa bé về nhà cho bé uống chút nước hoặc có thể lấy nước ấm để lau người cho con. Để hạn chế mức thấp nhất khả năng trẻ bị&nbsp;<span style=\"color: red; background-color: transparent;\">cảm nắng</span>&nbsp;hoặc bị kích ứng với ánh nắng, hãy tập cho bé quen dần với ánh nắng bằng cách bế con ra nắng một chút rồi lại đưa bé vào chỗ mát nghỉ ngơi.</p><p style=\"text-align: justify;\"><strong style=\"color: rgb(85, 85, 85); background-color: initial;\">Tắm nắng cho trẻ như nào là đúng cách?</strong></p><p style=\"text-align: justify;\">Ở giai đoạn chuẩn bị: Thời gian đầu, mẹ chỉ nên để lộ một phần da của bé, cho bé ở trong bóng râm trong khoảng 10 phút, và tiếp tục tăng thời gian lên 20 phút trong ngày thứ hai, 30 phút cho ngày thứ ba.</p><p style=\"text-align: justify;\">Đặt bé nằm duỗi giống tư thế nằm trên giường sao cho ánh nắng mặt trời tiếp xúc với lưng đầu tiên sau đó là đến hai bên thân mình cuối cùng mới là bụng và ngực. Khi mới bắt đầu cho bé tắm nắng chỉ nên để ánh nắng chiếu vào từng phầm trong khoảng 1 phút lâu dần mới tăng thêm thời gian.</p><p style=\"text-align: justify;\">Lưu ý khi vào&nbsp;<span style=\"color: red; background-color: transparent;\">mùa hè</span>&nbsp;tỷ lệ tia cực tím trong ánh nắng mặt trời thường cao hơn so với các mùa khác nên bạn hãy nhớ bảo vệ phần đầu và mắt cho bé. Tốt nhất nên đội cho bé một chiếc mũ bằng chất liệu vải sợi tự nhiên thoáng mát thấm mồ hôi và đặc biệt nên là mũ rộng vành để có thể che ánh nắng chiếu trực tiếp vào mắt.</p><p style=\"text-align: justify;\">Không nên tắm nắng cho trẻ ở những nơi gió lộng, nên chọn nơi thoáng đãng, có nhiều nắng. Không nên để ánh nắng mặt trời chiếu thẳng vào đầu, mặt và mắt của bé. Nếu tắm cho bé trong phòng, nên mở cửa kính vì cửa kính sẽ cản trở việc hấp thu tia hồng ngoại của cơ thể. Không nên cho con tắm nắng vào những giai đoạn&nbsp;<span style=\"color: red; background-color: transparent;\">thời tiết</span>&nbsp;bất thường hoặc những lúc giao mùa.</p>','Thời gian vàng để tắm nắng cho trẻ nhỏ',20,1),(54,'20110354@student.hcmute.edu.vn','2023-05-19 22:34:41.000000','20110354@student.hcmute.edu.vn','2023-05-19 22:34:41.000000',1,'<p>Nuôi dưỡng con trẻ luôn là bài toán khó với bất kỳ bậc làm cha làm mẹ nào. Các bậc phụ huynh cần trang bị những kỹ năng làm cha mẹ gì để nuôi dạy con trẻ một cách tốt nhất. Trẻ em như búp trên cành, để búp măng lớn lơn khỏe mạnh và cứng cỏi thì các bậc phụ huynh cần có những kỹ năng làm cha mẹ cần thiết để giúp trẻ phát triển theo hướng tích cực nhất.</p><h2><span style=\"color: rgb(85, 85, 85);\">﻿1. Kỹ năng lắng nghe</span></h2><p style=\"text-align: justify;\">Thật vậy, không chỉ người lớn mà trẻ em cũng có nhu cầu được bày tỏ và được bố mẹ lắng nghe góp ý. Vì vậy, hãy bỏ ra một chút thời gian để nghe bé kể về những chuyện xảy ra trong ngày của bé, để biết bé đã học hỏi được gì, có những vấn đề gì gây khó khăn cho bé, đưa ra những giải pháp giúp con trẻ khắc phục và tiến bộ.</p><p style=\"text-align: justify;\"><img src=\"https://verahaanh.com/wp-content/uploads/2018/12/K%E1%BB%B9-n%C4%83ng-l%E1%BA%AFng-nghe.jpg\"></p><p style=\"text-align: justify;\">Các trẻ càng nhỏ thì năng lực học tập, tiếp thu sự việc càng cao, kèm theo đó là sự khát khao được thể hiện bản thân trước bố mẹ của chúng, vì vậy trẻ nhỏ thường có xu hướng kể chuyện cho bố mẹ về những gì mà con học được. Việc kiên nhẫn lắng nghe các bé kể chuyện không chỉ là để phát hiện con trẻ đã phát triển đến đâu mà còn giúp trẻ có được cảm giác an toàn và được tôn trọng từ những người mà bé tin tưởng nhất.</p><p style=\"text-align: justify;\">Nếu bé nhà bạn có xu hướng hướng nội, ít kể chuyện, các bố mẹ hãy thử gợi ý, đưa ra những câu hỏi để được bé chia sẻ và dựa dẫm. Nếu không, trẻ lâu dần hình thành thói quen và tạo khoảng cách với bố mẹ, khiến cho việc nuôi dạy trẻ thêm khó khăn sau này. Chưa kể ít nói có thể là dấu hiệu bệnh lý tự kỷ.</p><h2><span style=\"color: rgb(85, 85, 85);\">2. Động viên, khích lệ khi trẻ làm đúng và chỉ ra lỗi khi bé làm sai</span></h2><p style=\"text-align: justify;\">Trẻ nhỏ mà, đâu biết được những gì chúng làm là đúng hay sai? Vì vậy vai trò của bố mẹ trong nuôi dạy con trẻ càng quan trọng.</p><p style=\"text-align: justify;\"><img src=\"https://verahaanh.com/wp-content/uploads/2018/12/%C4%90%E1%BB%99ng-vi%C3%AAn-kh%C3%ADch-l%E1%BB%87-khi-tr%E1%BA%BB-l%C3%A0m-%C4%91%C3%BAng-v%C3%A0-ch%E1%BB%89-ra-l%E1%BB%97i-khi-b%C3%A9-l%C3%A0m-sai.jpg\"></p><p style=\"text-align: justify;\">Khi bé làm đúng, hãy động viên, khích lệ tinh thần trẻ khiến trẻ vui vẻ và lần sau tiếp tục làm đúng như vậy. Nếu trẻ nhỏ nhỡ làm sai, đừng vội la mắng, chỉ trích mà hãy phân tích để bé hiểu được vì sao như vậy là sai, và làm đúng là như thế nào. Nhiều phụ huynh cho rằng con trẻ còn nhỏ, cho dù có phân tích giảng giải bé cũng không hiểu, chi bằng la mắng để bé sợ hãi và lần sau không dám làm vậy nữa. Nhưng thật ra không phải vậy, trong 5 năm đầu đời, trẻ chủ yếu phát triển rất nhanh về hệ thần kinh và nhận thức, vì vậy khi giảng dạy cho bé một cách bài bản và có lý lẽ, bé sẽ nhanh chóng hình thành đường dây liên hệ các sự việc và hiểu rõ vì sao bé làm vậy là không đúng, từ đó bé tự ý thức được nên làm việc đó như thế nào.</p><h2><span style=\"color: rgb(85, 85, 85);\">3. Làm tấm gương tốt cho trẻ noi theo</span></h2><p style=\"text-align: justify;\">Nếu bạn dạy dỗ mà bé không hiểu được, đừng vội mất kiên nhẫn mà hãy thực hiện cho bé xem. Bố mẹ luôn là tấm gương sáng nhất để con trẻ noi theo mà. Nên nhớ trong mắt con trẻ, điều bạn làm luôn là đúng tuyệt đối. Vì vậy nếu bạn làm gương không đúng, có thể bé sẽ bắt chước và làm theo những hành động của bạn và cho rằng đó là lẽ dĩ nhiên.</p><p style=\"text-align: justify;\"><img src=\"https://verahaanh.com/wp-content/uploads/2018/12/L%C3%A0m-t%E1%BA%A5m-g%C6%B0%C6%A1ng-t%E1%BB%91t-cho-tr%E1%BA%BB-noi-theo.jpg\"></p><p style=\"text-align: justify;\">Thay vì chỉ mãi dạy con “đừng vứt rác””, “hiếu thảo với ông bà, cha mẹ”, “chơi đồ chơi gọn gàng”, hãy dạy con cầm rác bỏ vào thùng, hãy chăm sóc ông bà bé theo cách mà bạn muốn bé học cách hiếu thảo, và hãy cùng bé dọn dẹp đồ chơi gọn gàng sau mỗi lần bé bừa bộn.</p><p style=\"text-align: justify;\">Nếu bé không nghe lời, hãy mắng nhẹ bé bằng những lời yêu thương như “con làm mẹ buồn lắm”, “mẹ không vui khi thấy con…”, “con làm như vậy sai rồi…” để bé tự chột dạ và tủi thân. Dần dần bé sẽ hình thành thói quen tốt.</p><h2><span style=\"color: rgb(85, 85, 85);\">4. Đặt ra những nguyên tắc</span></h2><p style=\"text-align: justify;\">Một cách để giúp bé hình thành những thói quen tốt là ép bé quen theo một thói quen trong một khuôn khổ, nguyên tắc mà bạn đặt ra. Bé sẽ phải làm theo nguyên tắc như vậy để đạt được điều bé muốn.</p><p style=\"text-align: justify;\"><img src=\"https://verahaanh.com/wp-content/uploads/2018/12/%C4%90%E1%BA%B7t-ra-nh%E1%BB%AFng-nguy%C3%AAn-t%E1%BA%AFc.jpg\"></p><p style=\"text-align: justify;\">Ví dụ như “phải cất gọn gàng đồ chơi mới được xem ti vi”, “phải làm xong bài tập mới được bày đồ chơi”, “phải ăn uống đầy đủ nếu con muốn có làn da đẹp”,…Ban đầu, bé sẽ chẳng thể nhớ được những nguyên tắc mà bạn đặt ra, đừng vội nản chí hay giận con, mà hãy từ tốn nhắc cho bé nhớ “mẹ có nói là con phải…”, dần dần bé sẽ tự hình thành trật tự các công việc cần làm. Các công việc khi được lặp đi lặp lại nhiều lần tự khắc sẽ hình thành thói quen và thói quen này sẽ theo bé đến khi lớn lên.</p><h2><span style=\"color: rgb(85, 85, 85);\">5. Hình phạt răn đe khi bé làm sai</span></h2><p style=\"text-align: justify;\">Thỉnh thoảng, bố mẹ cũng nên đặt ra cho bé một vài hình phạt để răn đe việc làm sai và bướng bỉnh của bé, nhưng hãy hạn chế những hình phạt bạo lực để tránh hình thành áp lực tâm lý cho bé.</p><p style=\"text-align: justify;\"><img src=\"https://verahaanh.com/wp-content/uploads/2018/12/H%C3%ACnh-ph%E1%BA%A1t-r%C4%83n-%C4%91e-khi-b%C3%A9-l%C3%A0m-sai.jpg\"></p><p style=\"text-align: justify;\">Khi con lười biếng, hãy phạt con gấp quần áo, bê đồ đạc phụ bố mẹ. Khi con cãi lời bố mẹ, hãy tỏ ra thật buồn và thất vọng, phạt bé úp mặt vào tường 5 phút để hối lỗi. Những hình phạt có thể dựa trên lỗi sai của bé mà đặt ra để bé vừa được rèn luyện, vừa có thời gian chiêm nghiệm lỗi sai của mình.</p><p style=\"text-align: justify;\">Sự hình thành nhân cách của trẻ liên quan trực tiếp đến cách giáo dục của bố mẹ. Với 5 kỹ năng làm cha mẹ trên đây, mong rằng bạn sẽ có phương pháp nuôi dạy con tối đa và hiệu quả,</p><p><br></p>','5 kỹ năng cha mẹ nào cũng cần có để nuôi dạy con trẻ',21,1),(55,'20110354@student.hcmute.edu.vn','2023-05-19 22:35:33.000000','20110354@student.hcmute.edu.vn','2023-05-19 22:35:33.000000',1,'<p><strong>Việc dạy con được ví như khiêu vũ: đôi lúc cần phải giữ lấy con, nhưng có lúc tốt hơn nên thả tay ra để con có tự do di chuyển.</strong></p><p>Đối với việc dạy con tự lập và tự chủ, cách so sánh này rất hữu ích.&nbsp;</p><p>Là người lớn, cha mẹ cần hướng dẫn và làm gương cho con, nhưng đồng thời không khiến con ngột ngạt với những lời chỉ trích, đòi hỏi và nỗi sợ hãi.</p><p>Dưới đây là 10 cách giúp các phụ huynh dạy con tự lập và tự tin hơn.</p><h2><strong>1. Không làm mọi việc thay con</strong></h2><p><img src=\"https://i.ex-cdn.com/giadinhmoi.vn/files/content/2021/05/25/meo-day-con-tu-lap-tu-tin-01-1551.jpg\"></p><p><br></p><p>Trong một số tình huống, bạn có thể đang vội và tự làm việc sẽ đơn giản, nhanh chóng hơn là đợi con làm.</p><p>Tuy nhiên kiểu hành vi này sẽ&nbsp;gây ra những hậu quả tiêu cực cho sự phát triển tính tự lập của trẻ về lâu dài.</p><p>Trẻ em học qua thực hành&nbsp;và mắc lỗi, vì vậy điều rất quan trọng là cho trẻ cơ hội tự làm và học tập.</p><p>Ngoài ra, việc này cũng giúp bồi dưỡng sự tự tin của trẻ.</p><h2><strong>2. Chúc mừng những thành tựu thường ngày của trẻ</strong></h2><p><img src=\"https://i.ex-cdn.com/giadinhmoi.vn/files/content/2021/05/25/meo-day-con-tu-lap-tu-tin-02-1551.jpg\"></p><p>Chìm đắm trong công việc có thể khiến cha mẹ không thể để ý đến những thành tựu mà con mình đạt được.</p><p>Điều quan trọng bạn cần nhớ là trẻ nhỏ rất cần sự chú ý và công nhận từ cha mẹ mỗi khi chúng đạt được một mục tiêu.</p><p>Không cần phải là&nbsp;những thành tích to lớn, như chiến thắng trong một giải đấu bóng đá hay trở thành nhà vô địch của một cuộc thi toán học, mà là những thành tích nhỏ như tự hoàn thành bài tập về nhà hoặc đánh răng đúng cách.</p><p>Việc cha mẹ chúc mừng sự&nbsp;tiến bộ này sẽ giúp con&nbsp;nâng cao lòng tự trọng của mình.</p><h2><strong>3. Để con giúp việc nhà</strong></h2><p><img src=\"https://i.ex-cdn.com/giadinhmoi.vn/files/content/2021/05/25/meo-day-con-tu-lap-tu-tin-03-1551.jpg\"></p><p>Trẻ em có thể học hỏi nhiều điều từ kinh nghiệm của bạn đối với các công việc gia đình.</p><p>Hãy&nbsp;giúp con&nbsp;hiểu những gì con&nbsp;cần làm để chăm sóc bản thân, ngôi nhà và gia đình.</p><p>Làm việc nhà&nbsp;cũng cho con cơ hội để cảm thấy có trách nhiệm và năng lực.</p><p>Tất nhiên, không phải công việc nhà nào cũng phù hợp với mọi lứa tuổi. Tham khảo công việc nhà phù hợp với từng lứa tuổi của trẻ tại&nbsp;<span style=\"background-color: transparent; color: rgb(0, 138, 247);\">đây</span>.</p><h2><strong>4. Cho phép con&nbsp;đưa ra những quyết định nhỏ</strong></h2><p><img src=\"https://i.ex-cdn.com/giadinhmoi.vn/files/content/2021/05/25/meo-day-con-tu-lap-tu-tin-04-1551.jpg\"></p><p>Ra quyết định là một trong những kỹ năng quan trọng nhất mà trẻ cần có để trưởng thành chín chắn, lành mạnh.</p><p>Tốt nhất, hãy cho con&nbsp;một số lựa chọn để quyết định và tăng số lựa chọn đó khi chúng lớn lên.</p><p>Ví dụ: nếu bạn và con đến siêu thị, con muốn mua tất cả đồ ăn vặt, bạn có thể nói với&nbsp;con&nbsp;rằng con không thể có được tất cả mọi thứ, nhưng con có quyền lựa chọn giữa kẹo, nước ngọt hoặc bim bim.</p><p>Một ý tưởng khác để khuyến khích trẻ tự quyết định là cho trẻ tự chọn trang phục để mặc.&nbsp;Điều này sẽ giúp trẻ xây dựng lòng tự trọng, tập bày tỏ ý kiến và khiến mọi việc trở nên dễ dàng hơn với bạn.</p><h2><strong>5. Nuôi thú cưng</strong></h2><p><img src=\"https://i.ex-cdn.com/giadinhmoi.vn/files/content/2021/05/25/meo-day-con-tu-lap-tu-tin-05-1551.jpg\"></p><p>Thú cưng có thể mang lại&nbsp;nhiều lợi ích cho sự phát triển của trẻ.</p><p>Nhưng khi nuôi thú cưng vào nhà, điều quan trọng là trẻ phải hiểu tất cả các trách nhiệm liên quan.</p><p>Ví dụ, cho thú cưng ăn có thể là một cách tốt để trẻ thực hành vai trò của người chăm sóc.</p><p><br></p><p>Ngoài ra, chơi với thú cưng có thể cải thiện kỹ năng xã hội của&nbsp;trẻ&nbsp;và củng cố lòng tự trọng.</p><h2><strong>6. Cho con một thử thách mới mỗi tháng/lần</strong></h2><p><img src=\"https://i.ex-cdn.com/giadinhmoi.vn/files/content/2021/05/25/meo-day-con-tu-lap-tu-tin-06-1551.jpg\"></p><p>Đối mặt với thử thách là điều rất quan trọng để trẻ cảm thấy tự tin.</p><p>Do đó, một lựa chọn tốt là đề xuất những thách thức mới mà các em có khả năng vượt qua tùy theo độ tuổi, khả năng và sự phát triển của mình.</p><p>Ví dụ, bạn có thể yêu cầu trẻ 3 tuổi tự mặc quần áo, vẽ một bức tranh hoặc hát một bài hát.</p><h2><strong>7. Kiên nhẫn và không chỉ trích cố gắng của con</strong></h2><p><img src=\"https://i.ex-cdn.com/giadinhmoi.vn/files/content/2021/05/25/meo-day-con-tu-lap-tu-tin-07-1551.jpg\"></p><p>Khi bạn làm việc gì đó lần đầu tiên, bạn có thể&nbsp;mắc lỗi sai và phải&nbsp;cố gắng nhiều lần cho đến khi&nbsp;đạt được điều mình muốn.</p><p>Nếu người lớn còn vậy, hãy tưởng tượng trẻ em sẽ phải cố gắng bao nhiêu lần.</p><p>Vì vậy, điều cần thiết là chúng ta phải kiên nhẫn với con và khen ngợi nỗ lực của con thay vì chỉ trích.</p><p>Việc chỉ trích và sửa sai liên tục sẽ chỉ khiến trẻ hình thành một hình ảnh xấu về bản thân và cảm thấy không có khả năng.</p><p>Lời khen kịp thời và đúng mực có thể là một công cụ tuyệt vời để nâng cao lòng tự trọng, tự tin và trưởng thành của trẻ.</p><h2><strong>8. Dạy con cách thực hiện nhiệm vụ để con học hỏi tốt hơn</strong></h2><p><img src=\"https://i.ex-cdn.com/giadinhmoi.vn/files/content/2021/05/25/meo-day-con-tu-lap-tu-tin-08-1551.jpg\"></p><p>Cha mẹ là người thầy đầu tiên của con, vì vậy,&nbsp;nếu bạn muốn con thực hiện một nhiệm vụ cụ thể, hãy hướng dẫn con cách làm trước.</p><p>Nếu không, con có thể nản lòng hoặc không làm chỉ vì con không biết cách.</p><p>Đầu tiên, hãy nói cho con biết rằng con phải làm gì. Thứ hai, hãy chỉ cho con cách thực hiện. Thứ ba, hãy làm lại từng bước một.</p><p>Nói chung, trẻ em học dễ dàng hơn nhiều nếu được quan sát.&nbsp;</p><p>Nếu bạn dạy con bằng cách làm gương, con sẽ cảm thấy an toàn và tự tin hơn và sẽ không cảm thấy như con đang đi trên một con đường hoàn toàn mù mịt.</p><h2><strong>9. Lắng nghe và khám phá nỗi sợ của họ</strong></h2><p><img src=\"https://i.ex-cdn.com/giadinhmoi.vn/files/content/2021/05/25/meo-day-con-tu-lap-tu-tin-09-1551.jpg\"></p><p>Những nỗi sợ hãi của trẻ con&nbsp;là hoàn toàn bình thường.&nbsp;Tuy nhiên, là người lớn, chúng ta phải nhận thức được nỗi sợ hãi của con, lắng nghe và trấn an con.</p><p>Điều quan trọng là con có thể tự tin nói với bạn những cảm xúc sâu kín nhất của con. Đồng thời bạn hãy cho con&nbsp;biết rằng sợ hãi là một phần tự nhiên của bất kỳ thử thách nào.</p><p>Một ý tưởng hay để xoa dịu nỗi sợ hãi là giải thích cho con cách bạn đã&nbsp;vượt qua một&nbsp;khó khăn&nbsp;nào đó của bạn.</p><h2><strong>10. Khuyến khích sự tự chủ bằng cách thể hiện niềm tin vào khả năng của con</strong></h2><p><img src=\"https://i.ex-cdn.com/giadinhmoi.vn/files/content/2021/05/25/meo-day-con-tu-lap-tu-tin-10-1551.jpg\"></p><p>Nếu bạn tin rằng con làm được, con cũng sẽ tin điều đó.</p><p>Cha mẹ&nbsp;đã quen với việc dẫn đường, dạy dỗ và hướng dẫn&nbsp;con. Thậm chí bạn có thể tin rằng trẻ phải tin tưởng người lớn chứ không phải ngược lại.</p><p>Tuy nhiên, chính chúng ta cũng nên tin tưởng vào thế mạnh và mong muốn của con nhiều hơn, và truyền cho con niềm tin vào khả năng của mình.</p><p>Đây là cách tốt nhất để&nbsp;nuôi dạy những đứa trẻ tự tin và có lòng tự trọng cao.</p><p>(Theo Bright Side)</p><p><br></p>','10 cách dạy con tự lập, tự tin, mạnh dạn hơn các bậc phụ huynh nên tham khảo',21,1),(56,'20110354@student.hcmute.edu.vn','2023-05-19 22:36:20.000000','20110354@student.hcmute.edu.vn','2023-05-19 22:36:20.000000',1,'<h3 style=\"text-align: justify;\">Những năm tháng đầu đời của con trẻ luôn là nỗi lo toan lớn nhất của các bậc phụ huynh. Chính vì vậy, Eduplay Garden trân trọng giới thiệu hơn 20 cuốn sách dưới đây xứng đáng là kim chỉ nam giúp bạn yêu thương và chăm sóc con cái tự tin hơn!</h3><h2 style=\"text-align: justify;\"><strong>1. Chờ đến mẫu giáo thì đã muộn - Ibuka Masaru</strong></h2><p style=\"text-align: justify;\">Chờ đến mẫu giáo thì đã muộn là cuốn sách bàn về phương pháp giáo dục trẻ trong giai đoạn từ 0 đến 3 tuổi của tác giả Ibuka Masaru, người sáng lập tập đoàn Sony đồng thời là một nhà nghiên cứu giáo dục. Dựa trên những nghiên cứu về sinh lý học của não bộ và di truyền học, ông đã khẳng định sự phát triển về trí tuệ và năng lực của trẻ được quyết định trong giai đoạn từ 0 đến 3 tuổi, giai đoạn này là “thời kỳ thích hợp” để “nuôi dạy một đứa trẻ trở nên ngoan ngoãn, vui vẻ, có trí tuệ thông minh và khỏe mạnh”.&nbsp;</p><p style=\"text-align: justify;\">Nghe thì có vẻ không hợp lý cho lắm, bởi chúng ta, đặc biệt là các bậc cha mẹ Việt thường quan niệm rằng một đứa trẻ ở độ tuổi này vẫn chưa đủ nhận thức để có thể hiểu những gì chúng ta nói, huống hồ gì là giáo dục. Ấy vậy mà, đến khoảng 3 tuổi trẻ đã hoàn thành 70 – 80% các liên và có trọng lượng não bằng 80% não người lớn. Nếu xem bộ não như một CPU của máy tính thì giai đoạn 0 đến 3 tuổi là thời gian để hoàn thành ổ cứng và từ 4 tuổi trở đi là thời gian để update các phần mềm. Như vậy, tính cách, khả năng tư duy, liên kết sự việc và sáng tạo của trẻ hoàn toàn phụ thuộc vào sự giáo dục trong giai đoạn sơ sinh thay vì phải chờ trẻ trưởng thành.</p><p style=\"text-align: justify;\">Giá bán tham khảo: 69.000 VNĐ</p><p><img src=\"http://eduplay.edu.vn/wp-content/uploads/2020/02/Cho%CC%9B%CC%80-%C4%91e%CC%82%CC%81n-ma%CC%82%CC%83u-gia%CC%81o-thi%CC%80-%C4%91a%CC%83-muo%CC%A3%CC%82n-Ibuka-Masaru.jpg\"></p><p><br></p><h2 style=\"text-align: justify;\"><strong>2. Để con được ốm - Uyên Bùi, BS. Trí Đoàn</strong></h2><p style=\"text-align: justify;\">Để con được ốm có thể coi là một cuốn nhật ký học làm mẹ thông qua những câu chuyện từ trải nghiệm thực tế mà chị Uyên Bùi đã trải qua từ khi mang thai đến khi em bé chào đời và trở thành một cô bé khỏe mạnh, vui vẻ. Cùng với những câu chuyện nhỏ thú vị của người mẹ là lời khuyên mang tính chuyên môn, giải đáp cụ thể từ bác sỹ Nguyễn Trí Đoàn, giúp hóa giải những hiểu lầm từ kinh nghiệm dân gian được truyền lại, cũng như lý giải một cách khoa học những thông tin chưa đúng đắn đang được lưu truyền hiện nay, mang đến góc nhìn đúng đắn nhất cho mỗi hiện tượng, sự việc với những kiến thức y khoa hiện đại được cập nhật liên tục. Cuốn sách sẽ giúp các bậc phụ huynh trang bị một số kiến thức cơ bản trong việc chăm sóc trẻ một cách khoa học và góp phần giúp các mẹ và những người sẽ là mẹ trở nên tự tin hơn trong việc chăm con, xua tan đi những lo lắng, để mỗi em bé ra đời đều được hưởng sự chăm sóc tốt nhất.</p><p style=\"text-align: justify;\">Giá bán tham khảo: 95.000 VNĐ</p><p><img src=\"http://eduplay.edu.vn/wp-content/uploads/2020/02/%C4%90e%CC%82%CC%89-con-%C4%91u%CC%9Bo%CC%9B%CC%A3c-o%CC%82%CC%81m-Uye%CC%82n-Bu%CC%80i-BS.-Tri%CC%81-%C4%90oa%CC%80n.jpg\"></p><h2><strong>3. Con Nghĩ Đi, Mẹ Không Biết! - Mẹ Xu-Sim</strong></h2><p style=\"text-align: justify;\">Con nghĩ đi, mẹ không biết là tập hợp những bài viết được đón nhận nhiệt thành trên Facebook của Thu Hà (Mẹ Xu-Sim), rất nhiều bài viết trong số đó đã từng được đăng trên các báo Tuổi trẻ, Thanh Niên, Vnexpress, Dântrí...Nhưng khác với những dòng chia sẻ trên mạng xã hội, nội dung các bài được chọn lọc hơn, có chủ đích hơn với giải pháp để con tự lập và mẹ tự do. Những bài viết của Thu Hà sinh động, thiết thực vì đó là những trải nghiệm thật, hoàn toàn là sự thật của một bà mẹ có hai con đang trong tuổi ăn, tuổi học, của một người làm việc với trẻ em liên tục suốt 20 năm, trong đó có 3 năm dạy học và 17 năm làm báo tuổi teen.</p><p style=\"text-align: justify;\">Quyển sách “Con nghĩ đi, mẹ không biết!” như một giải pháp để con tự lập và mẹ tự do. Tinh thần của quyển sách là nói không với một thế hệ ù lì khi mà cha mẹ “ủ” con cái quá kỹ. Một quyển sách truyền cảm hứng cho các bà mẹ để con tự lập, và tạo không gian cũng như tinh thần thoải mái nhất cho các bà mẹ khi nuôi con, vì “nuôi con cũng là một nghệ thuật”.</p><p style=\"text-align: justify;\">Giá bán tham khảo: 79.000 VNĐ</p><p><img src=\"http://eduplay.edu.vn/wp-content/uploads/2020/02/Con-Nghi%CC%83-%C4%90i-Me%CC%A3-Kho%CC%82ng-Bie%CC%82%CC%81t-Me%CC%A3-Xu-Sim.jpeg\"></p><h2 style=\"text-align: justify;\"><strong>4. Nuôi Con Bằng Yêu Thương - Dạy Con Bằng Lý Trí - Foster Cline, Jim Fay</strong></h2><p style=\"text-align: justify;\">Cuốn sách của hai tác giả Foster Cline và Jim Fay đã mở ra một cuộc cách mạng trong việc nuôi dạy con trên toàn nước Mỹ và khắp thế giới. Trong những năm qua, sách đã được dịch ra nhiều thứ tiếng trên thế giới, tiếp cận được hàng triệu cha mẹ đang gặp rắc rối trong việc nuôi dạy con. Sự kết hợp giữa tình yêu thương và lý trí trong sách không chỉ giúp phụ huynh tìm được đường đi đúng trong sự nghiệp làm cha mẹ của mình mà còn tạo ra được&nbsp;triết lý win – win&nbsp;dành cho cả cha mẹ và con cái. Triết lý này đã được hàng triệu cha mẹ trải nghiệm, theo đó đôi bên đều chiến thắng: cha mẹ chiến thắng vì yêu con một cách sáng suốt, trẻ cũng chiến thắng vì có thể sống tự lập, có trách nhiệm. Gần gũi và kinh điển, thực tế nhưng không kém phần khoa học, cuốn sách giúp cha mẹ cách từng bước xây nên những viên gạch vững chắc trong suốt quá trình nuôi dạy trẻ.</p><p style=\"text-align: justify;\">Với mục tiêu nuôi dạy những đứa trẻ tự lập,&nbsp;Nuôi con bằng yêu thương, dạy con bằng lý trí&nbsp;được ví như kim chỉ nam dành cho những ai còn chưa tìm được hướng nuôi dạy con. Cha mẹ không nên tạo một môi trường vô trùng để bao bọc con, tính tự lập ở trẻ cũng không tự dưng mà có. Tất cả đều cần có một quá trình để cha mẹ thay đổi suy nghĩ, nhìn nhận lại cách nuôi con của mình và tìm ra được một phương pháp phù hợp.</p><p style=\"text-align: justify;\">Giá bán tham khảo: 96.000 VNĐ</p><p><img src=\"http://eduplay.edu.vn/wp-content/uploads/2020/02/4.-Nuo%CC%82i-Con-Ba%CC%86%CC%80ng-Ye%CC%82u-Thu%CC%9Bo%CC%9Bng-Da%CC%A3y-Con-Ba%CC%86%CC%80ng-Ly%CC%81-Tri%CC%81-Foster-Cline-Jim-Fay.png\"></p><h2 style=\"text-align: justify;\"><strong>5. Bác Sĩ Riêng Của Bé Yêu - Chat Với Bác Sĩ - Bác sĩ Trần Thị Huyên Thảo</strong></h2><p style=\"text-align: justify;\">Ngày nay, mỗi gia đình có ít con hơn, kinh tế gia đình phát triển, kèm với sự bùng nổ về thông tin nên các bậc phụ huynh có điều kiện quan tâm nhiều hơn đến sức khoẻ của con cái. Đó là điều đáng mừng! Tuy nhiên, đôi khi sự tư vấn của các nhân viên y tế không thống nhất, hoặc những lời khuyên của bác sĩ không giống như những gì phụ huynh được nghe từ người quen làm cho các bậc cha mẹ không ít hoang mang lo lắng. Việc tìm một bác sĩ tin cậy để được tư vấn về chăm sóc sức khoẻ cho con mình, một nhu cầu tưởng chừng như rất đơn giản, nhưng đôi khi sao mà khó quá!</p><p style=\"text-align: justify;\">Quyển sách này ra đời với một mong muốn trao đổi với quý phụ huynh và gia đình trẻ những thông tin y khoa khách quan và dựa trên chứng cứ nghiên cứu y khoa cập nhật nhất trong khả năng của tác giả, để giải đáp những lo lắng có thể là vụn vặt, có thể là quan trọng, có thể rất “vi mô”, cũng có thể là rất “vĩ mô” về mặt phòng ngừa bệnh ở cấp độ y tế cộng đồng.</p><p style=\"text-align: justify;\">Giá bán tham khảo: 110.000 VNĐ</p><p><img src=\"http://eduplay.edu.vn/wp-content/uploads/2020/02/5.-Ba%CC%81c-Si%CC%83-Rie%CC%82ng-Cu%CC%89a-Be%CC%81-Ye%CC%82u-Chat-Vo%CC%9B%CC%81i-Ba%CC%81c-Si%CC%83-Ba%CC%81c-si%CC%83-Tra%CC%82%CC%80n-Thi%CC%A3-Huye%CC%82n-Tha%CC%89o.jpg\"></p>','Top 5 đầu sách hay về nuôi dạy con trẻ từ 1 - 5 tuổi',21,1),(57,'thanhtoan.010100@gmail.com','2023-05-19 22:39:12.000000','thanhtoan.010100@gmail.com','2023-05-19 22:39:12.000000',1,'<p style=\"text-align: justify;\">Thời gian để tắm nắng cho trẻ trong một ngày&nbsp;thích hợp nhất là từ 6 – 9h sáng và sau 4 – 5h chiều. Từ 6 – 9 h sáng là lúc tia hồng ngoại và tia cực tím từ mặt trời tương đối yếu nên có thể thúc đẩy quá trình trao đổi chất trong cơ thể bé.</p><p><br></p><p style=\"text-align: justify;\"><strong style=\"color: rgb(85, 85, 85); background-color: initial;\">Thời gian nào là thích hợp để tắm nắng cho trẻ nhỏ</strong></p><p><br></p><p><span style=\"background-color: initial;\"><img src=\"https://media.phunutoday.vn/files/trangh707/2017/01/05/r23-1111.jpg\"></span>&nbsp;<em style=\"background-color: initial;\">Thoi gian vang de tam nang cho tre nho. (phunutoday.vn) Nguon: Internet.</em></p><p style=\"text-align: justify;\">Khoảng 7-10 ngày sau khi sinh, bé đã có thể tắm nắng để cơ thể tổng hợp&nbsp;vitamin D. Trong ngày, mẹ chỉ nên cho bé tắm nắng trong khoảng thời gian từ 6-9 giờ sáng và sau 5 giờ chiều. Trong khoảng thời gian từ 6-9 giờ, tia hồng ngoại và tia cực tím trong ánh mặt trời khá yếu, thích hợp để giúp bé thúc đẩy quá trình trao đổi chất cho cơ thể. Ngược lại, khoảng thời gian sau 5 giờ chiều, tia X-quang trong ánh mặt trời sẽ giúp bé cưng hấp thụ can-xi và phốt pho một cách tốt nhất, có ích cho sự phát triển xương.</p><p style=\"text-align: justify;\">Mẹ cần lưu ý không nên tắm nắng cho bé quá lâu. Nếu thấy da bé chuyển sang màu đỏ, ra nhiều mồ hôi, mạch đập nhanh thì nên nhanh chóng đưa bé về nhà cho bé uống chút nước hoặc có thể lấy nước ấm để lau người cho con. Để hạn chế mức thấp nhất khả năng trẻ bị&nbsp;<span style=\"color: red; background-color: transparent;\">cảm nắng</span>&nbsp;hoặc bị kích ứng với ánh nắng, hãy tập cho bé quen dần với ánh nắng bằng cách bế con ra nắng một chút rồi lại đưa bé vào chỗ mát nghỉ ngơi.</p><p style=\"text-align: justify;\"><strong style=\"color: rgb(85, 85, 85); background-color: initial;\">Tắm nắng cho trẻ như nào là đúng cách?</strong></p><p style=\"text-align: justify;\">Ở giai đoạn chuẩn bị: Thời gian đầu, mẹ chỉ nên để lộ một phần da của bé, cho bé ở trong bóng râm trong khoảng 10 phút, và tiếp tục tăng thời gian lên 20 phút trong ngày thứ hai, 30 phút cho ngày thứ ba.</p><p style=\"text-align: justify;\">Đặt bé nằm duỗi giống tư thế nằm trên giường sao cho ánh nắng mặt trời tiếp xúc với lưng đầu tiên sau đó là đến hai bên thân mình cuối cùng mới là bụng và ngực. Khi mới bắt đầu cho bé tắm nắng chỉ nên để ánh nắng chiếu vào từng phầm trong khoảng 1 phút lâu dần mới tăng thêm thời gian.</p><p style=\"text-align: justify;\">Lưu ý khi vào&nbsp;<span style=\"color: red; background-color: transparent;\">mùa hè</span>&nbsp;tỷ lệ tia cực tím trong ánh nắng mặt trời thường cao hơn so với các mùa khác nên bạn hãy nhớ bảo vệ phần đầu và mắt cho bé. Tốt nhất nên đội cho bé một chiếc mũ bằng chất liệu vải sợi tự nhiên thoáng mát thấm mồ hôi và đặc biệt nên là mũ rộng vành để có thể che ánh nắng chiếu trực tiếp vào mắt.</p><p style=\"text-align: justify;\">Không nên tắm nắng cho trẻ ở những nơi gió lộng, nên chọn nơi thoáng đãng, có nhiều nắng. Không nên để ánh nắng mặt trời chiếu thẳng vào đầu, mặt và mắt của bé. Nếu tắm cho bé trong phòng, nên mở cửa kính vì cửa kính sẽ cản trở việc hấp thu tia hồng ngoại của cơ thể. Không nên cho con tắm nắng vào những giai đoạn&nbsp;<span style=\"color: red; background-color: transparent;\">thời tiết</span>&nbsp;bất thường hoặc những lúc giao mùa.</p><p><br></p>','Thời gian vàng để tắm nắng cho trẻ nhỏ',22,1),(58,'20110354@student.hcmute.edu.vn','2023-05-19 15:41:28.349000','20110354@student.hcmute.edu.vn','2023-05-19 15:41:28.349000',1,'<p><img src=\"http://eduplay.edu.vn/wp-content/uploads/2023/03/phuong-phap-day-tre-hoc-tieng-anh-don-gian-01.jpg\"></p><h3 style=\"text-align: center;\"><strong>THIẾT LẬP THÓI QUEN HỌC TIẾNG ANH HÀNG NGÀY</strong></h3><p>Hàng ngày, cha mẹ có thể học tiếng anh cùng con. Thời gian học mỗi ngày không cần thiết quá dài như trên lớp nhưng khi kiến thức được lập đi lập lại mỗi tuần, mỗi ngày sẽ giúp trẻ ghi nhớ lâu hơn và hiệu quả mang lại tốt hơn bao giờ hết.</p><p>Bên cạnh đó việc học tại nhà giúp trẻ tự tin hơn, năng động hơn khi giao tiếp với bố mẹ. Bạn có thể đọc truyện tiếng anh, hay giao tiếp với con.</p><h3 style=\"text-align: center;\"><strong>CÙNG TRẺ CHƠI TRÒ CHƠI</strong></h3><p>Chơi trò chơi là một phương pháp giáo dục rất tốt. Khi chơi các trò chơi sẽ tăng khả năng thích thú, tăng sự phản xạ và ghi nhớ lâu hơn. Cha mẹ có thể sử dụng các trò chơi về ghi nhớ như board game,..</p><h3 style=\"text-align: center;\"><strong>HỌC TIẾNG ANH QUA CÁC TÌNH HUỐNG&nbsp;</strong></h3><p>Mỗi ngày, phụ huynh có thể tạo nên các tình huống hoặc từ các đồ vật tình huống hàng ngày để thực hành luyện nói và ôn luyện từ vựng cùng trẻ theo ngữ cảnh một cách tự nhiên nhất.</p><p><span style=\"color: rgb(141, 192, 65);\"><img src=\"http://eduplay.edu.vn/wp-content/uploads/2023/03/phuong-phap-day-tre-hoc-tieng-anh-don-gian-02-1024x683.jpg\"></span></p><h3 style=\"text-align: center;\"><strong>CÙNG TRẺ ĐỌC TRUYỆN TIẾNG ANH HÀNG NGÀY</strong></h3><p>Trong lứa tuổi của các đứa trẻ luôn thích thú với những màu sắc hấp dẫn. Các nội dung của các cuốn truyện sẽ giúp trẻ ghi nhớ lâu hơn về nội dung và về cả từ vựng</p><h3 style=\"text-align: center;\"><strong>HỌC TIẾNG ANH QUA NHỮNG BÀI HÁT</strong></h3><p>Bài hát chính là phương tiện tốt nhất để diễn tả những từ vựng và từ mới tiếng anh hiệu quả nhất, cải thiện về cả phát âm và phản ứng với việc ghi nhớ mặt chữ. Các hành động thường ngày thể hiện ý nghĩa cả các từ trong bài hát nên trẻ có thể làm theo mỗi ngày một cách dễ dàng.</p><h3 style=\"text-align: center;\"><strong>DẠY NGỮ PHÁP TIẾNG ANH CHO TRẺ</strong></h3><p>Với các bạn nhỏ, hiện tại dạy các quy tắc ngữ pháp rất khó để trẻ ghi nhớ và hiểu được. Thay bằng việc dạy một cách cứng nhắc các bạn cho trẻ nghe quen về câu nói và sử dụng cấu trúc ngữ pháp khác nhau trong ngữ cách. Việc học nó một cách tự nhiên thì sau này chúng sẽ nói tự nhiên và chính xác hơn.</p><p>Trên đây là những thông tin về&nbsp;<strong style=\"color: rgb(141, 192, 65);\">phương pháp dạy trẻ học tiếng anh</strong><strong>&nbsp;đơn giản tại&nbsp;</strong>gia đình. Chúng tôi hi vọng với những thông tin trên sẽ giúp các bậc phụ huynh không còn lăn tăn quá nhiều về vấn đề dạy con tại nhà</p>','Phương pháp dạy trẻ học tiếng anh đơn giản',21,1),(59,'thanhtoan.010100@gmail.com','2023-05-19 15:42:15.705000','thanhtoan.010100@gmail.com','2023-05-19 15:42:15.705000',1,'<h2 style=\"text-align: justify;\">Sốt siêu vi, sốt xuất huyết, bệnh tay chân miệng, viêm màng não, tiêu chảy cấp và ngộ độc thực phẩm là những bệnh dễ tấn công trẻ trong mùa hè.</h2><p style=\"text-align: justify;\"><img src=\"https://chamsocsuckhoemhc.com/wp-content/uploads/2022/06/6-benh-mua-nang-nong-tre-de-mac.webp\"></p><h3 style=\"text-align: justify;\">1. Sốt xuất huyết</h3><p style=\"text-align: justify;\">Đây là bệnh do muỗi vằn mang virus sốt xuất huyết gây ra. Mùa hè đồng thời cũng là mùa mưa ở miền nam là giai đoạn muỗi sinh sản và phát triển nhanh nhất.</p><p style=\"text-align: justify;\">Dấu hiệu đầu tiên là trẻ bị sốt trong vòng 7 ngày, song không ho, không sổ mũi, không tiêu chảy; trên người nổi những nốt xuất huyết, thường là ở cánh tay, cẳng chân. Các nốt tròn, nhỏ như vết muỗi cắn nhưng khác ở chỗ khi căng da ra những điểm này không biến mất. Trẻ có thể đau bụng ở hạ sườn phải, chảy máu cam, nôn hoặc đi ngoài ra máu. Nặng hơn, trẻ có thể bị sốc, như tay chân lạnh, người lừ đừ, kêu mệt. Triệu chứng này thường xuất hiện vào ngày thứ ba đến ngày thứ năm của đợt sốt. Cần đưa ngay trẻ đến cơ sở y tế để kiểm tra khi có các triệu chứng trên.</p><h3 style=\"text-align: justify;\">2. Sốt siêu vi</h3><p style=\"text-align: justify;\">Trẻ bị sốt siêu vi thường có các triệu chứng như sốt cao, đau đầu, có thể thêm hắt hơi, sổ mũi, ho có đàm trắng dính, vàng hoặc xanh… Nếu tác nhân là virus rubella sởi, trẻ có thể phát ban nốt đỏ mịn, xuất hiện vào ngày thứ 2-4 của bệnh. Ban thường tuần tự từ đầu, mặt xuống thân mình, chân và khi mất đi cũng theo trình tự như vậy. Ngoài ra trẻ thường có nổi hạch ở cổ, gáy, các hạch này có thể đau và lâu mới mất đi.</p><p style=\"text-align: justify;\">Bệnh sốt siêu vi thường diễn biến lành tính trong 3-5 ngày. Điều trị chủ yếu là hạ sốt, bù nước điện giải bằng đường uống, bảo đảm dinh dưỡng và chăm sóc mũi họng tốt để hạn chế bội nhiễm. Tuy nhiên, phụ huynh cần lưu ý vì một số trường hợp có biến chứng. Do đó cần theo dõi trẻ sát sao để phát hiện các triệu chứng của viêm não như đau đầu, nôn nhiều, rối loạn ý thức, co giật… để đưa đến cơ sở y tế khám và điều trị kịp thời.</p><h3 style=\"text-align: justify;\">3. Bệnh Tay chân miệng</h3><p style=\"text-align: justify;\">Bệnh chủ yếu gặp ở trẻ em và dễ lây lan. Sau thời gian ủ bệnh 3-7 ngày, trẻ bắt đầu bị sốt nhẹ, mỏi mệt, kém ăn, đau họng… Sau đó xuất hiện những nốt ban màu hồng có đường kính khoảng hai mm, ở trong miệng và trên da lòng bàn tay, gan bàn chân, đôi khi cũng xuất hiện ở thân mình.</p><p style=\"text-align: justify;\">Nếu không được chăm sóc và điều trị kịp thời bệnh rất dễ biến chứng thành viêm não dẫn đến tử vong. Vì vậy, khi trẻ có những dấu hiệu trên cần phải cách ly và đưa đến cơ sở y tế điều trị, hạn chế lây lan cho trẻ khác.</p><h3 style=\"text-align: justify;\">4. Viêm màng não</h3><p style=\"text-align: justify;\">Bệnh&nbsp;là dạng nhiễm trùng ở các lớp mô quanh não bộ và tủy sống và thường do vi khuẩn HI, phế cầu, mô cầu hoặc do virus, ký sinh, nấm gây ra. Bệnh có biểu hiện lâm sàng rất đa dạng, tùy từng độ tuổi.</p><p style=\"text-align: justify;\">Trẻ có thể khởi bệnh với các biểu hiện như sốt cao, chảy nước mũi, ho, tiêu chảy, quấy khóc, nôn trớ. Một số trẻ lại có thể xuất hiện các dấu hiệu rối loạn tri giác, thị giác như quấy khóc, ánh mắt nhìn vô cảm… Vì thế, nhiều cha mẹ rất dễ nhầm trẻ bị viêm họng, viêm phổi hoặc tiêu chảy… nên tự điều trị, không nghĩ đó có khả năng là những dấu hiệu ban đầu của căn bệnh nguy hiểm viêm màng não.</p><p style=\"text-align: justify;\">Bệnh viêm màng não có thể điều trị hiệu quả ở giai đoạn sớm. Tuy nhiên, nếu không điều trị hoặc điều trị muộn, bệnh có thể gây tử vong hay để lại di chứng như điếc, mù lòa, động kinh, yếu liệt tay chân… Khi trẻ có bất cứ một dấu hiệu bệnh lý nào (dù chỉ là ho, sốt, chảy mũi) cha mẹ cần đưa đi khám để loại trừ những bệnh nguy hiểm.</p><h3 style=\"text-align: justify;\">5. Tiêu chảy cấp</h3><p style=\"text-align: justify;\">Bệnh có thể gặp ở mọi lứa tuổi nhưng 80% xảy ra ở trẻ dưới hai tuổi. Trẻ đi tiêu lỏng có thể ít (3-5 lần mỗi ngày) hay nhiều (vài chục lần mỗi ngày), đau bụng, buồn nôn hay nôn…</p><p style=\"text-align: justify;\">Khi trẻ bị tiêu chảy cấp, việc quan trọng nhất là đánh giá mức độ mất nước và bù nước điện giải bằng đường uống dung dịch oresol. Việc truyền dịch chỉ thực hiện khi mất nước nặng (mắt hõm sâu, môi khô, da nhăn..), trẻ nôn nhiều, không thể uống được hoặc đi ngoài rất nhiều không thể bù kịp bằng đường uống. Nếu trẻ có dấu hiệu mắc bệnh tiêu chảy, phụ huynh đưa đến cơ sở y tế để các bác sĩ tư vấn và chữa trị.</p><h3 style=\"text-align: justify;\">6. Ngộ độc thực phẩm</h3><p style=\"text-align: justify;\">Mùa hè có nhiệt độ cao trong ngày nên thức ăn nếu không được bảo quản kỹ và chế biến không đảm bảo vệ sinh an toàn thực phẩm dễ gây ra ngộ độc thực phẩm. Triệu chứng ngộ độc đặc trưng gồm tiêu chảy, có thể kèm nôn ói. Nôn ói có thể kéo dài khoảng một ngày, trong khi tiêu chảy thường kéo dài một tuần hoặc nhiều hơn. Ngoài ra, trẻ còn có thể gặp phải các triệu chứng sốt, mệt mỏi, đau bụng…</p><h3 style=\"text-align: justify;\">Lời kết</h3><p style=\"text-align: justify;\">Để phòng tránh các bệnh lý trên, phụ huynh đảm bảo các nguyên tắc như rửa tay sạch cho trẻ trước khi ăn, sau khi đi vệ sinh và sau khi chơi; hạn chế tiếp xúc với người bị nhiễm bệnh. Thường xuyên vệ sinh thân thể cho bé, vệ sinh môi trường, giường, đồ chơi, phun thuốc diệt muỗi, ngủ mùng. Lựa chọn các thực phẩm an toàn, đảm bảo vệ sinh an toàn thực phẩm và tiêm ngừa đầy đủ cho trẻ.</p>','Điểm danh 6 bệnh mùa nắng nóng trẻ dễ mắc',22,1),(60,'thanhtoan.010100@gmail.com','2023-05-19 15:43:05.193000','thanhtoan.010100@gmail.com','2023-05-19 15:43:05.193000',1,'<h2 style=\"text-align: justify;\">Hàng năm, khi thời tiết chuyển mùa từ mùa nắng sang mùa mưa, số trẻ em tới các bệnh viện, phòng khám, trung tâm y tế tăng vọt. Các bệnh hay gặp khi thời tiết giao mùa là sốt xuất huyết, tiêu chảy, sốt, viêm đường hô hấp. Nếu không chữa trị kịp thời sẽ gây nguy hiểm cho trẻ.</h2><p><img src=\"https://chamsocsuckhoemhc.com/wp-content/uploads/2016/05/benh-giao-mua-o-tre-em-va-cach-phong-ngua.jpg\"><em>Sốt, viêm đường hô hấp, viêm phế quản nếu không chữa trị kịp thời đều có thể&nbsp;gây nguy hiểm cho trẻ.</em></p><p style=\"text-align: justify;\"><strong>1. Cảm, cúm ở trẻ</strong></p><p style=\"text-align: justify;\">Cảm cúm cũng là một bệnh liên quan đến đường hô hấp khi bé tiếp xúc trực tiếp với người bệnh hoặc nhiễm khuẩn hô hấp qua nước mũi, đờm thời tiết nóng lạnh thất thường khiến bé chưa kịp thích nghi. Khi mắc bệnh trẻ thường có triệu chứng: nghẹt mũi, chảy nước mũi, sốt, đau đầu, ho, sưng họng hoặc mệt mỏi…</p><p style=\"text-align: justify;\">Trong trường hợp có triệu chứng sốt cao phải nhanh chóng hạ sốt và đưa trẻ đi khám, điều trị để tránh các biến chứng nguy hiểm liên quan đến đường hô hấp.</p><p style=\"text-align: justify;\"><strong>2. Viêm đường hô hấp</strong></p><p style=\"text-align: justify;\">Giao mùa là thời điểm vi khuẩn sinh sôi nảy nở nên trẻ dễ bị nhiễm khuẩn khi hít thở nơi có nguồn bênh đây ra bệnh viên đường hô hấp.</p><p style=\"text-align: justify;\"><strong>– Viêm đường hô hấp trên</strong>: thường là viêm mũi – họng, VA, viêm amidan, viêm tai giữa, ho và cảm lạnh. Bệnh này thường diễn biến trong vòng vài ba ngày với các dấu hiệu sốt cao hoặc vừa ho, hắt hơi, chảy nước mũi, nghẹt mũi, thay đổi giọng, mất giọng, trẻ dưới 1 tuổi có thể nôn, quấy khóc.</p><p style=\"text-align: justify;\"><strong>– Viêm đường hô hấp dưới</strong>: thường gặp ở dạng viêm thanh quản, khí quản, phế quản, tiểu phế quản và phổi. Một số dấu hiệu thường gặp như: khó thở, cách mũi phập phồng, thở nhanh và trẻ sơ sinh hoặc đang bú có thể bị trướng bụng, da xanh tím, giảm trương lực cơ…</p><p style=\"text-align: justify;\">Hãy sớm nhận biết các dấu hiệu để có phương pháp đưa trẻ đi thăm khám tránh các biến chứng xảy ra vì có thể trẻ sẽ bị viêm tai rữa, nghiêm trọng hơn nếu có các dấu hiệu li bì, co giật, bỏ bú… dẫn đến các biến chứng lâu dài, thậm chí tử vong.</p><p style=\"text-align: justify;\"><strong>3. Viêm phế quản ở trẻ</strong></p><p style=\"text-align: justify;\">Trẻ nhỏ rất dễ mắc viêm phế quản khi thời tiết thay đổi, giao mùa, tiếp xúc mầm bệnh từ cộng đồng, các đồ vật, đồ chơi trẻ em, môi trường không được vệ sinh khiến vi rút xâm nhập đường hô hấp và gây ra tình trạng viêm phế quản.</p><p style=\"text-align: justify;\">Khi trẻ có biểu hiện ho, ho có đờm vàng, trắng, xanh lá chảy nước mũi trong, sưng họng, bỏ ăn sốt vừa hoặc cao, khó thở hay có cảm giác thắt ngực đau dưới xương ức hãy nghĩ ngay đến nguy cơ bé bị viêm phế quản và đưa trẻ đi khám để có hướng điều trị kịp thời tránh những biến chứng nguy hiểm như: Suy hô hấp, viêm phổi (do dễ bị bội nhiễm), xẹp phổi, viêm tai giữa…</p><p style=\"text-align: justify;\"><strong>4. Viêm mũi dị ứng ở bé</strong></p><p style=\"text-align: justify;\">Thời tiết chuyển mùa là nguyên nhân cơ bản khiến trẻ có cơ địa mẫn cảm dễ bị viêm mũi di ứng gây tình trạng ngứa mũi, hắt hơi sổ mũi bị nghẹt mũi thậm chí là khó thở, ù tai… Nếu tình trạng kéo dài có thể gây biến chứng hen phế quản, hen suyễn, viêm amidan ở bé.</p><p style=\"text-align: justify;\">Đối với những trẻ hay bị viêm mũi di ứng hãy giúp bé tiếp xúc, vui chơi với môi trường trong lành, không khói bụi, lông động vật, phấn hoa… để giảm nguy cơ mắc bệnh nhé!</p><p style=\"text-align: justify;\"><strong>5. Một số biện pháp tăng cường sức đề kháng và giảm nguy cơ bệnh khi giao mùa</strong></p><p style=\"text-align: justify;\">– Tạo cho bé vui chơi trong môi trường trong lành, sạch sẽ như: vệ sinh nhà cửa sạch sẽ, đồ chơi phải được vệ sịnh thường xuyên, loại bỏ vi khuẩn.</p><p style=\"text-align: justify;\">– Hạn chế cho bé vui chơi tại các địa điểm quá đông người trong mùa bệnh, để giảm thiểu nguy cơ bé tiếp xúc với nguồn bệnh.</p><p style=\"text-align: justify;\">– Tắm rửa và vệ sinh chân tay cho bé thường xuyên sau khi vui chơi, trước khi ăn… để trẻ loại bỏ vi khuẩn trên tay bé. – Đảm bảo cho bé ăn đủ ấm khi thời tiết chuyển lạnh, không tắm quá lâu với nước lạnh, tránh việc tắm rửa ngay khi bé vừa chơi xong và đang ra nhiều mô hôi… giúp đề phòng trẻ bị nhiễu lạnh.</p><p style=\"text-align: justify;\">– Tăng cường dinh dưỡng chứa nhiều vitamin và khuyến khích trẻ vui chơi ngoài trời ở sân chơi sạch sẽ, đồ chơi an toàn, nhiều loại môi trường, đồ chơi vận động khác nhau như: bể bơi cho bé hay đi xe đạp, xe trượt… để trẻ tăng cường sức đề kháng tự nhiên.</p><p style=\"text-align: justify;\">Trên đây là một số kiến thức cơ bản về một số bệnh thường gặp và những biện pháp hữu ích giúp phòng bệnh cho bé khi giao mùa bố mẹ có thể tham khảo.</p>','Bệnh giao mùa ở trẻ em – Không thể chủ quan!',22,1),(61,'20110354@student.hcmute.edu.vn','2023-05-19 15:43:26.142000','20110354@student.hcmute.edu.vn','2023-05-19 15:44:21.949000',1,'<p><strong>Theo một nghiên cứu của Đại học Y Harvard, khi một đứa trẻ vừa mới sinh ra, não bộ chỉ mới phát triển khoảng 25%, nhưng khi đến giai đoạn 3-6 tuổi, sự phát triển não bộ của trẻ có thể đạt 85% so với người lớn. Nói một cách dễ hiểu, cột mốc quan trọng nhất để phát triển não bộ của trẻ chính là trong khoảng 3-6 tuổi.</strong></p><p>Biết được cột mốc quan trọng này rồi, cha mẹ cần phải làm gì để rèn luyện, cải thiện IQ của con mình? Sau đây là gợi ý cha mẹ có thể tham khảo.<img src=\"http://eduplay.edu.vn/wp-content/uploads/2021/04/30.jpg\"></p><p><img src=\"https://static.xx.fbcdn.net/images/emoji.php/v9/t5f/1/16/270a.png\">&nbsp;Tăng cường vận động</p><p>Có một số cha mẹ bao bọc con cái quá kỹ, sợ con tiếp xúc với thế giới bên ngoài nhiều sẽ ham chơi, lười học… Vì vậy, họ thích giữ con ở nhà, nhưng điều này vô tình khiến đứa trẻ trở nên hướng nội, sợ giao tiếp, kỹ năng xã hội kém, EQ thấp...</p><p>Trên thực tế, nếu cha mẹ muốn con mình thông minh hơn, cách tốt nhất là khuyến khích chúng vận động nhiều. Trong giai đoạn vàng 3-6 tuổi, cha mẹ nên cho trẻ tham gia một số lớp học như bơi lội, chạy bộ, đá bóng…, phù hợp với sở thích và thể trạng của mỗi đứa trẻ.</p><p>Bác sĩ John Ruddy, phó giáo sư tại Trường ĐH Y Harvard, đồng thời là chuyên gia trong lĩnh vực thần kinh học nói: \"Các trò chơi và vận động thể thao sẽ giúp phát triển EQ và IQ của một đứa trẻ\".</p><p>Ông lý giải rằng, tập thể dục không chỉ giúp não bộ hoạt động ở trạng thái tốt nhất mà còn có thể giải tỏa căng thẳng. Việc tập luyện hợp lý cũng có thể thúc đẩy việc kết nối các tế bào thần kinh tốt hơn. Số lượng kết nối càng nhiều thì mật độ tế bào thần kinh sẽ tăng cao, trẻ em càng thông minh.</p><p>Một nghiên cứu khác cũng chứng minh rằng, những đứa trẻ 5 tuổi yêu thích thể thao sẽ có IQ cao hơn 30% so với những đứa không chơi thể thao. Và so với những đứa trẻ chỉ biết xem TV và điện thoại, trẻ thích đọc sách thường có IQ cao hơn.<img src=\"http://eduplay.edu.vn/wp-content/uploads/2021/03/IMG_5153.jpg\"></p><p><img src=\"https://static.xx.fbcdn.net/images/emoji.php/v9/t5f/1/16/270a.png\">&nbsp;Ăn uống hợp lý và ngủ đủ giấc</p><p>Muốn não bộ phát triển một cách tối ưu nhất, điều kiện không thể thiếu chính là trẻ cần có một chế độ ăn uống lành mạnh, hợp lý và ngủ đủ giấc.</p><p>Về chế độ dinh dưỡng, một số cha mẹ hiểu lầm rằng, đồ ăn càng đắt tiền càng tốt. Họ không ngần ngại chi một số tiền không nhỏ để mua thực phẩm bổ dưỡng, nhưng trên thực tế, đồ ăn đắt tiền chưa chắc đã giúp phát triển trí não của trẻ.</p><p>Một chế độ dinh dưỡng hợp lý là đa dạng các loại thực phẩm, ăn nhiều ngũ cốc, trái cây, rau, sữa, trứng, cá, thịt… Đối với trẻ nhỏ, cần hạn chế muối và dầu mỡ khi chế biến. Trong giai đoạn trẻ cần phát triển nhanh, cha mẹ nên chú trọng tới một số thực phẩm đặc biệt giàu protein và canxi như đậu phụ, sữa, cá, tôm…</p><p>Liên quan đến giấc ngủ của trẻ, các chuyên gia của Đại học Cornell đã thực hiện một nghiên cứu, theo dõi hàng nghìn trẻ em và phát hiện ra rằng, những đứa trẻ ngủ trước 9 giờ tối có khả năng đọc và tính toán tốt hơn nhiều so với những đứa ngủ muộn.</p><p>Não bộ tiêu hao 20% năng lượng của toàn bộ cơ thể, khi một đứa trẻ ngủ đủ giấc thì não bộ mới hồi phục tốt hơn. Trẻ thiếu ngủ thường có não bộ kém phát triển. Vì vậy, đối với trẻ 3-6 tuổi, chúng cần đảm bảo ngủ đủ 10-12 tiếng mỗi ngày.</p><p>Nguồn: Aboluowang</p>','Cha mẹ cần phải làm gì để rèn luyện, cải thiện IQ của con mình?',21,1),(62,'20110384@student.hcmute.edu.vn','2023-05-19 15:50:18.577000','20110384@student.hcmute.edu.vn','2023-05-19 15:50:18.577000',1,'<p style=\"text-align: center;\"><span style=\"color: rgb(141, 192, 65);\"><img src=\"http://eduplay.edu.vn/wp-content/uploads/2023/03/luu-y-khi-cho-be-hoc-song-ngu-01.jpg\"></span></p><p style=\"text-align: center;\">Điều tuyệt vời khi cho trẻ học song ngữ</p><p>Trong một môi trường thế giới luôn hướng đến sự hiện đại. Các bậc phụ huynh ngày cũng yêu cầu cao hơn so với con trẻ nhà mình. Họ muốn con mình luôn được học những thứ tốt nhất từ lúc sớm nhất. Vậy nên việc học song ngữ chính là một trong những lựa chọn hàng đầu của các bậc phụ huynh</p><ul><li>Học song ngữ giúp trẻ tập trung hơn: Não bộ của một đứa trẻ cần phải điều chỉnh giọng nói, cấu trúc và những ngôn ngữ phù hợp để có thể nói chuyện cả hai thứ tiếng. Vậy nên việc này giúp trẻ có sự tập trung cao độ để phân tích câu nói của đối phương</li><li>Giúp trẻ nuôi dưỡng những cảm xúc tâm hồn và kỹ năng xã hội: Khi học hai ngôn ngữ cùng một lúc, trẻ em phải phân biệt được khi nào dùng ngôn ngữ nào thì phù hợp trong các hoàn cảnh giao tiếp</li><li>Thành tích học tập được nâng cao: Các nghiên cứu cho thấy, khi trẻ em có khả năng nói hai ngôn ngữ thì thành tích học tập thường cao hơn rất nhiều. Bởi trẻ có thái độ học tập , hành vi ứng xử trong lớp cũng chuẩn mực hơn</li></ul><p>Cùng với nhiều lợi ích đem đến khi cho trẻ học song ngữ. Nhưng bên cạnh đó phụ huynh cần&nbsp;<strong>lưu ý khi cho bé học song ngữ</strong></p><p style=\"text-align: center;\"><span style=\"color: rgb(141, 192, 65);\"><img src=\"http://eduplay.edu.vn/wp-content/uploads/2023/03/luu-y-khi-cho-be-hoc-song-ngu-02.jpg\"></span></p><p style=\"text-align: center;\">Điều tuyệt vời khi cho trẻ học song ngữ</p><h2><strong>Những lưu ý khi cho bé học song ngữ: Điều cha mẹ nên áp dụng</strong></h2><ul><li>Xác định được trong gia đình ai là người nói ngôn ngữ nào với trẻ: Ví dụ như, trong một gia đình nên quy định ba hoặc mẹ nói tiếng việt, thì người còn lại nói tiếng anh hay những thứ tiếng khác muốn cho trẻ học.</li><li>Tạo một môi trường tại nhà luôn có 2 ngôn ngữ: Khi về đến nhà, bạn nên quy định nên nói với ai ngôn ngữ nào, âm nhạc, sách vở luôn sẵn sàng hai loại ngôn ngữ; trang trí phòng trẻ sinh động theo chủ đề ngôn ngữ;..</li><li>Cùng con đọc sách hoặc truyện mỗi ngày: việc đọc sách truyện giúp tăng khả năng học tập của trẻ, bên cạnh đó còn tăng tình cảm gia đình.</li></ul><p>Trên đây là những&nbsp;<strong>lưu ý khi cho bé học song ngữ</strong>, cha mẹ nên lưu ý về những quyết định và những câu nói mà mình cùng trẻ nói hàng ngày.</p>','Điều tuyệt vời khi cho trẻ học song ngữ',23,1),(63,'20110373@student.hcmute.edu.vn','2023-05-19 15:51:37.277000','20110373@student.hcmute.edu.vn','2023-05-19 15:51:37.277000',1,'<p>Giai đoạn vượt cạn khó khăn nhất đã qua. Việc duy trì và ổn định sức khỏe cho mẹ cũng như chăm sóc cho bé yêu đúng cách là việc rất quan trọng gia đoạn&nbsp;<em>sau&nbsp;</em>sinh</p><p><img src=\"https://vtv1.mediacdn.vn/thumb_w/800/2018/8/25/cham-soc-m-va-be-crop-15351331603332118017069.jpg\">Các mẹ sau sinh cần có sức khỏe tốt để chăm sóc con khỏe mạnh.</p><p>Thông thường các bà mẹ trẻ sẽ được những người đi&nbsp;<em>trước&nbsp;</em>truyền đạt lại kinh nghiệm, tuy nhiên có những quan niệm xưa còn cổ hủ, lạc hậu, không khoa học. Nhằm giúp đỡ các sản phụ lần đầu được làm mẹ bớt căng thẳng, lo lắng, các bác sĩ Bệnh viện đa khoa tỉnh Phú Thọ chia sẻ một số thông tin hữu ích về cách chăm sóc mẹ và&nbsp;bé&nbsp;<em>sau&nbsp;</em>sinh và lưu ý&nbsp;<span style=\"color: var( --e-global-color-ef04309 );\">thời trang</span>&nbsp;dưới đây:</p><h2><strong>Cách chăm sóc mẹ bé</strong></h2><h3><em>Vấn đề đi lại và nghỉ ngơi</em></h3><p><em>Sau&nbsp;</em>sinh, mẹ nên dành phần lớn thời gian để nghỉ ngơi và chăm sóc đặc biệt để phục hồi sức khỏe. Mẹ bé cần được ngủ nhiều cho lại sức và nên nằm ngửa duỗi thẳng chân để sản dịch được tống ra ngoài dễ dàng hơn.&nbsp;<em>Sau&nbsp;</em>6 giờ mẹ nên ngồi dậy đi lại nhẹ nhàng để tránh ứ sản dịch, nếu vẫn còn mệt mẹ nên nhờ người thân đỡ khi di chuyển.</p><h3><em>Vấn đề dinh dưỡng</em></h3><p><em>Sau&nbsp;</em>sinh mẹ thường bị mất nhiều máu do đó một chế độ ăn hợp lý và có dinh dưỡng là yếu tố quan trọng đối với mẹ bé. Nếu sinh thường, hãy ăn những loại thức ăn kích thích ra sữa để đủ nguồn sữa cho con bú. Nếu sinh mổ mẹ chỉ nên ăn và uống những thức ăn dạng lỏng trong 6 giờ đầu. Không nên kiêng khem quá nhiều thức ăn như quan niệm xưa, hãy ăn uống đủ nhóm chất để con có thể hấp thụ dinh dưỡng đầy đủ nhất. Nên chọn loại thức ăn có nhiều dinh dưỡng mà lại dễ tiêu hóa như: Canh trứng gà, cháo nhuyễn, rau xanh, các loại thịt đỏ… không nên ăn mặn, tránh các gia vị có mùi nồng cay có thể ảnh hưởng đến mùi vị của sữa mẹ khiến trẻ không bú như hành, tỏi, tiêu, ớt…</p><h3><em>Vấn đề về bầu sữa mẹ</em></h3><p>Đối với vú, ngay những giờ&nbsp;<em>sau&nbsp;</em>sinh đầu tiên, mẹ nên cho bé ti ngay&nbsp;<em>sau&nbsp;</em>khi lau sạch đầu vú, để kích thích tuyến sữa tiết sữa. Mẹ nên cho bé bú chọn sữa non và bú nhiều lần trong ngày. Nếu việc tiết sữa bị tắc nên tích cực cho bé bú, triệu chứng đó sẽ dần dần mất đi. Tránh vắt, bóp sai cách gây vỡ tuyến, tia sữa. Cho trẻ&nbsp;<span style=\"color: var( --e-global-color-ef04309 );\">bú mẹ</span>&nbsp;sẽ giúp tử cung&nbsp;<span style=\"color: var( --e-global-color-ef04309 );\">người mẹ</span>&nbsp;co bóp tốt, sớm trở lại kích thước bình thường và tạo trạng thái tinh thần phấn chấn, gắn bó tình cảm giữa mẹ và con.</p><h3><em>Vấn đề vệ sinh cá nhân</em></h3><p>Vệ sinh thân thể&nbsp;<em>sau&nbsp;</em>sinh cũng cần phải<em>&nbsp;chú&nbsp;</em>ý, bởi&nbsp;<em>sau&nbsp;</em>sinh sản dịch ra nhiều, cần vệ sinh vùng âm hộ ít nhất là 3 lần/ngày vào sáng, chiều và tối&nbsp;<em>trước&nbsp;</em>khi đi ngủ. Nếu sản dịch ra nhiều, sản phụ nên vệ sinh nhiều lần hơn. Cần thay băng, giấy vệ sinh, khăn, nước rửa cũng phải sạch sẽ, tốt nhất nên dùng nước đun sôi để nguội hoặc nước ấm. Có thể dùng dung dịch vệ sinh sát khuẩn pha loãng để rửa.&nbsp;<em>Sau&nbsp;</em>khi rửa xong thì dùng khăn thấm cho khô.</p><p>Trong quá trình sinh nở, cơ thể sản phụ tiết ra nhiều mồ hôi, nên cần phải tắm gội cho sạch sẽ. Tuy nhiên việc tắm gội cần diễn ra nhanh từ 5-10 phút, không nên tắm trong bồn, chậu (đặc biệt là không nên ngâm mình trong nước). Phòng tắm phải kín gió và nên tắm bằng nước ấm dù thời tiết nóng hay lạnh. Đối với các mẹ đẻ mổ hay cắt tầng sinh môn, nên thận trọng với vết thương để tránh bung tuột mối chỉ.</p><h3><em>Vấn đề về tinh thần</em></h3><p>Được chào đón đứa con yêu dấu&nbsp;<em>sau&nbsp;</em>bao ngày trông chờ là điều hạnh phúc nhất mà người mẹ cảm nhận được. Tuy nhiên,&nbsp;<em>sau&nbsp;</em>vài ngày chăm sóc bé chưa quen, phải thức dậy liên tục vào ban đêm, hay có rất nhiều việc xảy ra mà bản thân người mẹ chưa sẵn sàng chấp nhận. Kèm theo đó là sự thay đổi hormone trong cơ thể khiến mẹ trở nên mệt mỏi, tính tình trở lên khó chịu, đôi lúc gắt gỏng vô cớ. Những lúc thế này rất cần sự an ủi, sẻ chia của chồng và người thân. Các mẹ không nên suy nghĩ nhiều tránh tình trạng trầm cảm&nbsp;<em>sau&nbsp;</em>sinh- một căn bệnh hay gặp phải hiện nay.</p><h2><strong>Cách chăm sóc bé</strong></h2><h3><em>Sữa uống cho bé</em></h3><p>Trẻ sơ sinh cần được bú sữa mẹ ngay&nbsp;<em>sau&nbsp;</em>sinh, bởi sữa mẹ không những chứa hỗn hợp hoàn hảo các chất đạm, các vitamin và khoáng chất cho nhu cầu phát triển của trẻ. Sữa mẹ còn chứa một lượng các lợi khuẩn giúp tăng cường bảo vệ miễn dịch cho trẻ. Những vi khuẩn này qua sữa mẹ vào cơ thể bé trực tiếp, từ đó giúp kích hoạt, bảo vệ miễn dịch cho trẻ&nbsp;<em>sau&nbsp;</em>sinh.</p><p>Nếu mẹ thiếu sữa có thể cho trẻ uống thêm sữa&nbsp;<em>cô</em>ng thức phù hợp theo tháng tuổi.</p><p>Nếu trẻ bú kém có thể dùng thìa bón thêm cho trẻ.<em>&nbsp;Chú&nbsp;</em>ý: dụng cụ cho trẻ ăn cần được luộc sôi&nbsp;<em>trước&nbsp;</em>khi sử dụng. Tay người chăm sóc rửa sạch sẽ.</p><p>Lưu ý: Trẻ sơ sinh dễ nôn trớ khi ăn no do cơ thắt tâm vị đóng chưa tốt. Trẻ đẻ non hay bị sặc, tím tái khi ăn do chưa có sự phối hợp tốt 3 phản xạ thở, bú và nuốt. Vì vậy không ép trẻ bú nhiều. Cho trẻ ăn ít một, đổ thìa.&nbsp;<em>Sau&nbsp;</em>khi trẻ ăn no, không đặt trẻ nằm ngay, đỡ trẻ ở tư thế đầu cao, mặt nghiêng sang một bên, vỗ ợ hơi.</p><h3><em>Giữ ấm cho bé</em></h3><p>Khi ở trong bụng mẹ, trẻ đã quen với môi trường nhiệt độ ổn định, khi ra môi trường bên ngoài, nhiệt độ thay đổi khiến trẻ phải tự thích nghi, tuy nhiên cơ chế thích ứng của bé còn rất kém, và bé cần được giữ ấm ngay lập tức. Nhiệt độ phòng thích hợp của bé ở mức 27 – 32 độ C.</p><h3><em>Vệ sinh miệng</em></h3><p>Mẹ nên vệ sinh miệng cho trẻ thường xuyên bằng nước đun sôi để nguội hoặc nước muối sinh lý .</p><h3><em>Chăm sóc da cho bé</em></h3><p>Tắm cho trẻ hàng ngày bằng nước ấm 37 độ C. Phòng tránh hăm cho trẻ. Bởi lẽ da trẻ sơ sinh mỏng, dễ bị tổn thương, hăm, đỏ. Vì vậy không để da trẻ tiếp xúc lâu với tã ẩm, ướt, nên thay tã thường xuyên cho trẻ, khi trẻ bị hăm cần bôi<em>&nbsp;thuốc&nbsp;</em>theo hướng dẫn của bác sĩ.</p><h3><em>Theo dõi thân nhiệt, nhịp thở và màu sắc da của trẻ</em></h3><p>Nhiệt độ bình thường của trẻ từ 36,5°C – 37,2°C (nhiệt độ cặp nách). Trẻ sơ sinh có thể bị hạ thân nhiệt cả khi vào mùa hè, từ đó trẻ dễ bị<em>&nbsp;viêm&nbsp;</em>phổi, do vậy mẹ cần cho trẻ nằm phòng thoáng, nhiệt độ phòng thích hợp, đủ ánh sáng. Không quấn trẻ quá kỹ dễ làm trẻ sốt,<em>&nbsp;viêm&nbsp;</em>da,<em>&nbsp;viêm&nbsp;</em>phổi …</p><p>Trẻ sơ sinh có nhịp thở bình thường 40-60 lần/phút, trẻ thở đều, nếu thấy trẻ thở nhanh hơn 60 lần/phút hoặc thở chậm hơn 40 lần/phút, hoặc thở không đều, khò khè hoặc co kéo lồng ngực là bất thường.</p><p>Cấu tạo đường thở của trẻ sơ sinh rất mềm và khí quản hẹp nên<em>&nbsp;chú&nbsp;</em>ý đến tư thế bế và đặt trẻ nằm sao cho đường thở không bị gập hoặc ngửa quá. Kê gối dưới vai, giữ cổ trẻ ở tư thế trung gian, đánh giá tư thế tốt bằng nhịp thở nhẹ nhàng, đều đặn, trẻ ngủ yên giấc.</p><p>Quan sát màu sắc da của trẻ: Bình thường da trẻ hồng, môi và đầu chi hồng. Nếu thấy da trẻ tái, nhợt, tím, hoặc vàng da cần đưa trẻ đến cơ sở y tế kiểm tra.</p><p>Các mẹ nên tin rằng món quà quý giá nhất mà bạn có thể tặng cho con bạn và cả thế giới này đó chính là sức khỏe của bản thân bạn. Do vậy, các mẹ&nbsp;<em>sau&nbsp;</em>sinh nên biết chăm sóc bản thân đúng cách để có một sức khỏe tốt, một tinh thần thoải mái chăm sóc con yêu khôn lớn.</p>','Cách chăm sóc mẹ và bé sau sinh đúng cách',24,1),(64,'20110373@student.hcmute.edu.vn','2023-05-19 15:53:30.321000','20110373@student.hcmute.edu.vn','2023-05-19 15:53:30.321000',1,'<p style=\"text-align: justify;\">Sau khoảng thời gian mang thai 9 tháng 10 ngày, cuối cùng mẹ cũng đã được gặp bé yêu của mình. Bên cạnh niềm hạnh phúc khi chào đón bé, mẹ có thể cần đến sự trợ giúp của người thân, bạn bè và nắm vững những điều cần làm khi chăm sóc trẻ sơ sinh để mang đến cho bé những thứ tốt đẹp nhất, hoàn hảo nhất.&nbsp;</p><p style=\"text-align: justify;\">Dưới đây là những hướng dẫn chi tiết về cách chăm sóc trẻ sơ sinh theo từng tuần giúp mẹ hiểu rõ hơn về sự phát triển của bé trong giai đoạn đầu sau sinh và những điều cần thiết mẹ nên lưu ý khi chăm bé:</p><h3><em>1. Chăm sóc bé sơ sinh 1 tuần tuổi</em></h3><p style=\"text-align: justify;\">Tuần đầu tiên sau khi chào đời là khoảng thời gian vô cùng quan trọng đối với bé. Một nghiên cứu cho thấy, trẻ sơ sinh chưa đầy tháng nếu không được chăm sóc đúng cách sẽ có nguy cơ tử vong cao, chiếm khoảng 50%. Đây là giai đoạn hệ thần kinh của cơ thể bé đang tập làm quen với một môi trường mới nên bé gần như dành mọi thời gian để ngủ, bé chỉ thức dậy khi cảm thấy đói hay khi đi vệ sinh. Do đó, bố mẹ cần chú ý quan tâm, chăm sóc đặc biệt cho trẻ trong giai đoạn này. (<span style=\"color: rgb(51, 122, 183); background-color: transparent;\">1</span>)</p><p style=\"text-align: justify;\">Điều quan trọng khi chăm sóc bé sơ sinh 1 tuần tuổi là giữ ấm cơ thể trẻ. Nhiệt độ môi trường thường sẽ thấp hơn nhiệt độ trong cơ thể mẹ, do đó, trẻ dễ bị hạ thân nhiệt, dễ bị vi khuẩn tấn công dẫn đến các bệnh nguy hiểm. Để cải thiện vấn đề này, mẹ nên cho bé nằm cạnh mẹ nhiều hơn. Điều này không chỉ giúp mẹ có thể truyền hơi ấm qua con, vun đắp tình mẫu tử mà còn có thể quan sát và phản ứng kịp thời ngay khi con gặp các vấn đề không mong muốn.</p><p><img src=\"https://tamanhhospital.vn/wp-content/uploads/2022/12/cham-soc-tre-so-sinh-trong-1-tuan-tuoi.jpg\"><em>Chăm sóc bé sơ sinh trong 1 tuần tuổi có ý nghĩa vô cùng quan trọng đối với sức khỏe và sự phát triển sau này của bé.</em></p><p style=\"text-align: justify;\">Bên cạnh đó, mẹ có thể sẽ lo lắng nếu cân nặng của bé bị giảm xuống so với lúc mới sinh, dao động trong khoảng từ 5-10% cân nặng ban đầu. Tuy nhiên, mẹ không nên quá lo lắng, khi bé còn trong bụng mẹ, chất dinh dưỡng được cung cấp liên tục cho bé. Trong những ngày đầu sau sinh, dạ dày bé còn rất nhỏ, nên trong vài ngày đầu, mỗi lần bú bé chỉ có thể uống rất ít sữa non. Do đó, sau khi chào đời bé rất nhanh đói và có nhu cầu ăn rất cao, mẹ nên cho bé bú bất cứ khi nào bé cần thay vì tuân theo một giờ giấc nhất định.&nbsp;</p><p style=\"text-align: justify;\">Lưu ý, sữa non là thức ăn tốt nhất cho trẻ sơ sinh. Trong sữa non, hàm lượng IgA cao gấp nghìn lần sữa thường và cứ 1ml sữa non sẽ chứa tới 4.000 bạch cầu. Chính vì vậy, cho trẻ uống sữa non trong những ngày đầu tiên sẽ giúp trẻ giảm tỷ lệ mắc bệnh viêm phổi và các vấn đề về tiêu hóa, đặc biệt là tiêu chảy.&nbsp;</p><p style=\"text-align: justify;\">Ngoài ra, mẹ cũng nên chú ý đến một số biểu hiện bình thường khác của bé như: bé đi ngoài phân su, vàng da,… Tuy nhiên, nếu mẹ không thấy các biểu hiện này, thay vào đó là trẻ thường xuyên bị sặc khi bú, có hiện tượng khó thở, da tím tái, khóc nhiều hay ngủ li bì, bố mẹ cần báo cho bác sĩ ngay lập tức để được kiểm tra và có hướng điều trị đúng cách, kịp thời.</p><h3><em>2. Chăm sóc bé sơ sinh 2 tuần tuổi</em></h3><p style=\"text-align: justify;\">Khi trẻ sơ sinh được 2 tuần tuổi, bé sẽ bắt đầu những bước đầu tiên trong giai đoạn tăng trưởng của mình. Tuy nhiên, bạn có thể không nhận ra điều đó và chỉ thấy bé không có hoạt động gì ngoài việc ăn, ngủ và đi vệ sinh.&nbsp;</p><p style=\"text-align: justify;\">Một trong những tin vui cho bố mẹ khi chăm sóc bé sơ sinh 2 tuần tuổi là cân nặng của bé đã có những dấu hiệu cải thiện, tăng lại, thậm chí là vượt qua trọng lượng ban đầu, khi mới chào đời. Lúc này, mẹ nên chủ động cho bé bú thường xuyên hơn, mỗi cữ bú cách nhau 2 đến 3 giờ. Điều này sẽ giúp mẹ đảm bảo và duy trì nguồn sữa chất lượng và đầy đủ cho bé. Tuy nhiên, nếu mẹ rơi vào tình trạng thiếu sữa cho bé, mẹ nên liên hệ với bác sĩ hay các chuyên gia dinh dưỡng để được hỗ trợ sớm. Nguyên nhân khiến mẹ bị giảm sản xuất sữa có thể là do mẹ cho bé bú không thường xuyên, thời gian cho bé bú quá ngắn hay mẹ có sử dụng các loại sữa bổ sung khiến bé ít bú trực tiếp từ mẹ.</p><p style=\"text-align: justify;\">Thông thường vào giai đoạn này, tình trạng vàng da của bé đã giảm nhưng nếu nó trở nên nặng hơn, mẹ cần thông báo cho bác sĩ để được kiểm tra và có phương pháp điều trị sớm.&nbsp;</p><h3><em>3. Chăm sóc trẻ sơ sinh 3 tuần tuổi</em></h3><p style=\"text-align: justify;\">Trẻ sơ sinh đủ 3 tuần tuổi sẽ có những chuyển biến rõ rệt hơn, bé đã có thể kiểm soát các cơ bắp của mình, các chuyển động dẫn trở nên uyển chuyển hơn, phản xạ tốt hơn. Thông thường, tại thời điểm này, bé đã có thể nâng đầu lên một góc 45 độ khi nằm sấp. Mẹ có thể hỗ trợ bé bằng cách dành nhiều thời gian bên cạnh con hơn, tạo điều kiện để bé tự nâng đầu lên càng nhiều càng tốt. Điều này còn giúp bé cải thiện được tình trạng đầu bị bẹp do thường xuyên nằm ngửa.</p><p style=\"text-align: justify;\">Hơn nữa, khả năng tập trung của bé đã được cải thiện một cách nhanh chóng. Bé đã có thể ghi nhớ được những hình dạng phức tạp hơn và thường xuyên chăm chú nhìn vào những món đồ chơi trong tầm nhìn của bé. Tuy nhiên, lúc này bé thường không có xu hướng muốn được chơi đùa. Bạn sẽ thấy bé khóc thường xuyên hơn, khóc vì đói, khóc vì trào ngược,… Lưu ý, nếu trẻ khóc liên tục trong hàng giờ mẹ cần thông báo cho bác sĩ để được hỗ trợ sớm.&nbsp;</p><p><img src=\"https://tamanhhospital.vn/wp-content/uploads/2022/12/tre-so-sinh-3-tuan-tuoi-da-co-the-nam-sap.jpg\"><em>Trẻ sơ sinh 3 tuần tuổi đã có thể nằm sấp</em></p><p style=\"text-align: justify;\">Khi trẻ sơ sinh được 3 tuần tuổi, bé có thể xuất hiện các nốt mụn đỏ, mụn đầu trắng, phát ban,… Đây là biểu hiện của hệ tuần hoàn chưa được trưởng thành và có thể sẽ biến mất sau một vài ngày. Mẹ không nên quá lo lắng và chú ý giữ vệ sinh cho bé sạch sẽ, khô thoáng. Điều này sẽ giúp da bé nhanh chóng trở lại bình thường hơn.&nbsp;</p><p style=\"text-align: justify;\">Ngoài ra, mẹ nên bắt đầu điều chỉnh thói quen ngủ của bé, giúp bé phân biệt ngày, đêm bằng cách giới hạn thời gian ngủ vào ban ngày của bé trong khoảng 3 đến 4 giờ, tập cho bé phân biệt giữa ngủ trưa và ngủ vào ban đêm. Trung bình, trẻ sơ sinh sẽ ngủ khoảng 14 đến 17 giờ mỗi ngày, bạn có thể dựa vào nó để cân chỉnh thời gian ngủ của bé phù hợp với chế độ sinh hoạt của mình.&nbsp;</p><p style=\"text-align: justify;\">Trẻ sơ sinh có sức đề kháng và hệ thống miễn dịch còn khá non nớt. Do đó, mẹ tránh không cho bé đi xa trong thời gian này và có các biện pháp khử khuẩn, vệ sinh khi có người thân, bạn bè đến thăm và tiếp xúc trực tiếp với bé.&nbsp;</p><h3><em>4. Chăm sóc trẻ sơ sinh 4 tuần tuổi</em></h3><p style=\"text-align: justify;\">Bước qua tuần thứ 4, trẻ sơ sinh đã có thể phản ứng với tiếng ồn thông qua các phản xạ như giật mình, khóc hoặc im lặng.</p><p style=\"text-align: justify;\">Và khi bé không còn khóc nữa, mẹ nên tạo cơ hội để bé vận động nhiều hơn bằng cách bắt đầu kéo dài thời gian nằm sấp cho bé. Điều này sẽ giúp bé khỏe hơn, tăng sức bền cho bé.&nbsp;</p><p style=\"text-align: justify;\">Đây là thời điểm mẹ có thể nhận thấy sự phát triển một cách rõ rệt của bé. Bé sẽ thường xuyên cảm thấy đói và đòi ăn nhiều hơn. Đây là cách mà bé thúc đẩy sự phát triển bên trong cơ thể trong giai đoạn này.&nbsp;</p><p><img src=\"https://tamanhhospital.vn/wp-content/uploads/2022/12/cham-soc-tre-so-sinh-4-tuan-tuoi.jpg\"><em>Khóc là một trong những phương tiện giúp bé thông báo tình trạng sức khỏe của mình</em></p><p><br></p>','Cách chăm sóc trẻ sơ sinh vừa chào đời',24,1),(65,'20110373@student.hcmute.edu.vn','2023-05-19 15:55:14.670000','20110373@student.hcmute.edu.vn','2023-05-19 15:55:14.670000',1,'<p style=\"text-align: justify;\">Khoảng thời gian đầu sau sinh, sức khỏe và hệ miễn dịch của bé còn non yếu, mẹ nên chú ý cho bé thăm khám sức khỏe định kỳ và thực hiện một số bài kiểm tra sau:</p><h3><em>1. Lấy máu gót chân</em></h3><p style=\"text-align: justify;\">Lấy máu gót chân là một trong những bài kiểm tra cung nhấp nhiều thông tin quan trọng về sức khỏe của bé bao gồm các bệnh về rối loạn chuyển hóa và nội tiết. Các bệnh này có thể không triệu chứng ngay sau sinh nhưng có thể gây nguy hiểm khi không được phát hiện và điều trị sớm.&nbsp;</p><p style=\"text-align: justify;\">Xét nghiệm này sẽ được thực hiện từ 48 giờ sau sinh bằng cách lấy vài giọt máu từ gót chân bé lên mẫu xét nghiệm. Ngoài ra, khi trẻ sơ sinh&nbsp;<span style=\"color: rgb(51, 122, 183); background-color: transparent;\">sinh non</span>&nbsp;nên được lấy mẫu khi trẻ đủ 37 tuần và cân nặng lúc sinh &gt;2500g.&nbsp;</p><p><img src=\"https://tamanhhospital.vn/wp-content/uploads/2022/12/lay-mau-got-chan-tre-so-sinh.jpg\"><em>Lấy máu gót chân là xét nghiệm nhằm kiểm tra các vấn đề sức khỏe liêu quan đến các loại rối loạn chuyển hóa và hormone</em></p><h3><em>2. Chỉ số Apgar</em></h3><p style=\"text-align: justify;\">Apgar là bài kiểm tra đầu tiên của hầu hết trẻ sơ sinh nhằm kiểm tra tình trạng tim và hệ hô hấp của bé qua quan sát những biểu hiện đầu tiên. Chỉ số Apgar cho biết nhịp tim, nhịp thở, trương lực cơ, phản xạ và màu sắc của trẻ sau sinh.&nbsp;</p><ul><li style=\"text-align: justify;\">Điểm Apgar từ 7 đến 10: Trẻ sơ sinh có sức khỏe tốt, chỉ cần chăm sóc sau sinh định kỳ;</li><li style=\"text-align: justify;\">Điểm Apgar từ 4 đến 6: Trẻ sơ sinh có vấn đề sức khỏe và phải cần một số biện pháp hồi sức;</li><li style=\"text-align: justify;\">Điểm Apgar dưới 4: Trẻ sơ sinh có sức khỏe kém và phải cần được chăm sóc y tế khẩn cấp+tích cực;</li></ul><p style=\"text-align: justify;\">Chỉ số Apgar chỉ đánh giá tình trạng sức khỏe của bé vào những phút đầu đời và kết quả này không khẳng định gì về sức khỏe lâu dài của bé.&nbsp;</p><p><img src=\"https://tamanhhospital.vn/wp-content/uploads/2022/12/chi-so-apgar-cua-be-so-sinh.jpg\"><em>Chỉ số Apgar càng cao, sức khỏe và khả năng phát triển của bé càng tốt</em></p><h3><em>3. Tiêm ngừa viêm gan B</em></h3><p style=\"text-align: justify;\">Trung tâm Kiểm soát và phòng ngừa dịch bệnh (CDC) khuyến cáo, trẻ sơ sinh nên được tiêm chủng ngừa viêm gan B và hoàn thành đầy đủ các liều tiêm nhắc lại vì đây là một loại vacxin có thể bảo vệ con người khỏi các bệnh do virus&nbsp;<span style=\"color: rgb(51, 122, 183); background-color: transparent;\">viêm gan B</span>&nbsp;gây ra.&nbsp;</p><p style=\"text-align: justify;\">Viêm gan B là bệnh được lây lan qua đường máu và tiếp xúc với dịch tiết từ cơ thể của người bệnh. Đặc biệt đối với trẻ sơ sinh được sinh ra từ mẹ mắc bệnh viêm gan B, bé sẽ có nguy cơ mắc bệnh này cao. Do đó, việc tiêm ngừa viêm gan B cho trẻ sơ sinh là vô cùng cần thiết.&nbsp;</p><p style=\"text-align: justify;\">Thông thường, vắc xin ngừa viêm gan B sẽ được tiêm vào những thời điểm sau:</p><ul><li style=\"text-align: justify;\">Trong 24 giờ sau sinh hoặc 6-12 giờ sau sinh đối với trẻ có mẹ mắc viêm gan B (sẽ tiêm cùng lúc với kháng huyết thanh viêm gan B)</li><li style=\"text-align: justify;\">Trẻ 2 tháng: Mũi 1</li><li style=\"text-align: justify;\">1 tháng sau mũi 1: Mũi 2</li><li style=\"text-align: justify;\">1 tháng sau mũi 2: Mũi 3</li><li style=\"text-align: justify;\">1 năm sau mũi 3: Mũi 4</li></ul><p><img src=\"https://tamanhhospital.vn/wp-content/uploads/2022/12/tre-so-sinh-nen-tiem-vacxin-ngua-viem-gan-b.jpg\"><em>Trẻ sơ sinh nên được tiêm đầy đủ các mũi vacxin ngừa viêm gan B</em></p><h3><em>4. Tiêm ngừa lao</em></h3><p style=\"text-align: justify;\">Tiêm vắc xin phòng lao (BCG) cho trẻ sơ sinh sớm là cách giúp trẻ phòng ngừa căn bệnh nguy hiểm, tránh những ảnh hưởng đến phổi, có thể gây tử vong. Theo Tổ chức Y tế Thế giới, Việt Nam là nước có gánh nặng bệnh lao cao, đứng thứ 15 trong 30 nước có số người bệnh lao cao nhất trên toàn cầu.</p><p style=\"text-align: justify;\">Theo hướng dẫn của Bộ Y tế, trẻ vừa mới sinh ra chưa tiếp xúc với trực khuẩn lao thì nên tiêm vắc xin ngay trong 24h đầu tiên để tập dượt cho hệ miễn dịch nhanh chóng nhận diện, cô lập trực khuẩn lao tấn công cơ thể non nớt của trẻ.</p><p style=\"text-align: justify;\">Việc chậm trễ tiêm vắc xin phòng bệnh lao cho trẻ sơ sinh có thể làm tăng nguy cơ mắc bệnh lao hơn những trẻ đã được tiêm; thậm chí trẻ có thể nhiễm lao ngay những ngày đầu sau sinh do lúc này hệ thống miễn dịch của trẻ còn yếu ớt nên không có đủ khả năng tự bảo vệ cơ thể trước mọi tác nhân xâm nhập – nhất là lao và các loại vi khuẩn khác.</p><p style=\"text-align: justify;\">Do đó, chỉ nên hoãn tiêm vắc xin BCG với những trường hợp trẻ đang bị nhiễm khuẩn cấp, đang sốt cao, có bệnh ngoài da trên diện rộng, bị suy giảm miễn dịch nặng, suy dinh dưỡng nặng, trẻ thiếu cân (dưới 2kg).&nbsp;</p><p style=\"text-align: justify;\">Với những trẻ sinh non, những trẻ có vấn đề về sức khỏe cần theo dõi, chăm sóc đặc biệt thì đợi đến khi trẻ có thể trạng tốt, cần tiến hành tiêm phòng lao càng sớm càng tốt.</p><p>.</p><h3>5. Tiêm V<em>itamin K</em></h3><p><br></p><p style=\"text-align: justify;\">Tiêm Vitamin K là một trong những phương pháp ngăn ngừa tình trạng chảy máu nghiêm trọng ở trẻ sơ sinh một cách an toàn và hiệu quả. Vitamin K là loại vitamin tan trong chất béo được vận chuyển trong máu, có tác dụng cầm máu, làm đông máu. Loại vitamin này luôn được cơ thể chuyển hóa và đào thải ra ngoài nhanh chóng.&nbsp;</p><p style=\"text-align: justify;\">Thông thường vitamin K sẽ được cung cấp cho cơ thể thông qua các loại thực phẩm hằng ngày như các loại rau lá xanh, một số thực phẩm có nguồn gốc từ động thực vật hay được tạo ra từ các lợi khuẩn trong đường ruột. Tuy nhiên, hầu hết trẻ sơ sinh được sinh ra với hàm lượng vitamin K trong cơ thể rất thấp. Đồng thời chúng cũng không thể tự sản xuất vitamin K từ các lợi khuẩn trong đường ruột, hay được cung cấp đủ lượng vitamin này qua sữa mẹ. Do đó, trẻ cần được tiêm vitamin K sau sinh để tránh tình trạng chảy máu do thiếu vitamin K và giảm nguy cơ xuất hiện các biến chứng nguy hiểm như xuất huyết não gây tổn thương não vĩnh viễn, thậm chí là tử vong.</p>','Các bài kiểm tra cần làm cho trẻ sơ sinh',24,1),(66,'20110384@student.hcmute.edu.vn','2023-05-19 15:55:54.286000','20110384@student.hcmute.edu.vn','2023-05-19 15:55:54.286000',1,'<h2><strong>Có lẽ đối với tất cả các bà mẹ, được chăm sóc con yêu sau thời gian dài bầu bí là công việc tuy mới mẻ, bỡ ngỡ nhưng lại vô cùng thú vị. Xin góp thêm một số kinh nghiệm, thắc mắc thường gặp để giúp các bà mẹ có thêm kiến thức chăm sóc mái tóc em bé.</strong></h2><p><br></p><p style=\"text-align: justify;\"><strong>Hiện tượng rụng tóc ở trẻ sơ sinh</strong></p><p style=\"text-align: justify;\">Bạn có biết rằng tóc bé đã được phát triển ngay trong thời gian bạn mang thai ở vào khoảng tuần thai thứ 24 nhưng loại tóc này được mọc và phát triển hoàn toàn là dựa vào hormone có trong cơ thể mẹ trong thời gian mang thai. Do đó sau khi được sinh ra thì do loại hormone này không còn được duy trì nên trẻ sẽ bắt đầu hiện tượng rụng tóc. Thông thường thời gian rụng tóc của trẻ sẽ kéo dài từ lúc mới sinh cho đến khi trẻ được 6 tháng tuổi thì chấm dứt.</p><p style=\"text-align: justify;\">Nhiều bà mẹ do nghĩ tóc trẻ sơ sinh sẽ tiếp tục phát triển trở thành tóc trưởng thành nên khi thấy bé bị rụng tóc thì rất lo lắng nhưng thực ra điều này là hoàn toàn bình thường. Tóc trưởng thành của bé sẽ được mọc ra xen kẽ trong khi tóc sơ sinh sẽ lần lượt bị rụng đi và được thay thế. Lưu ý rằng nếu sau 6 tháng mà tóc bé vẫn tiếp tục rụng nhiều thì bạn cần đưa bé khám bác sĩ do đây có thể hiệu cảnh báo của sự thiếu hụt dưỡng chất hoặc sức khoẻ của bé có vấn đề.</p><p style=\"text-align: center;\"><img src=\"https://www.meyeucon360.com/upload/News/tre-so-sinh/dinh-duong-suc-khoe/cham_soc_toc_tre_so_sinh_0.jpg\"></p><p style=\"text-align: center;\"><em style=\"color: rgb(141, 141, 141);\">Cha mẹ không cần quá lo lắng khi bé rụng tóc trong 6 tháng đầu đời</em>.</p><p style=\"text-align: justify;\">Một thực tế khác là trong khi nhiều bé mới sinh ra đã có mái móc đen, dày thì lại có những bé chỉ có lưa thưa một chút tóc, mỏng manh. Điều này có bất thường? Câu trả lời là hiện tượng này hoàn toàn bình thường vì màu tóc và số lượng tóc của bé phụ thuộc vào chế độ dinh dưỡng của mẹ trong suốt thai kỳ cũng như phụ thuộc yếu tố di truyền của gia đình nên bạn không nên lo lắng khi thấy trẻ ít hay nhiều tóc. Việc cắt tóc máu (tóc sơ sinh) với suy nghĩ sẽ làm tóc mọc nhanh và đen hơn thì chưa có chứng cứ khoa học chứng minh điều này, tuy nhiên cắt tóc bé khi da đầu còn mỏng nếu không cẩn thận có thể gây xước và nguy hiểm cho bé.</p><p style=\"text-align: justify;\"><strong>Chăm sóc tóc cho bé đúng cách</strong></p><p style=\"text-align: justify;\">Do tóc bé còn ít và không ra ngoài nên bụi bẩn cũng ít dính lên tóc nên đối với trẻ sơ sinh bạn chỉ nên gội đầu hai lần/tuần là phù hợp. Trong trường hợp da đầu bé có cứt trâu thì nên gội 3 lần/tuần, bạn nên giúp bé massage da đầu bằng dầu oliu hoặc dùng dầu gội chuyên biệt dành cho trẻ sơ sinh để giúp làm bong các mảng cứt trâu này trước khi gội. Không dùng móng tay để gỡ các mảng cứt trâu ra khỏi da dầu bé hoặc gãi lên da đầu để làm bong các mảng bám này.</p><p style=\"text-align: justify;\">Gội đầu bằng nước ấm (khoảng 37 độ), dùng khăn mềm thấm nước dần dần lên đầu trẻ sau đó dùng dầu gội và làm sạch bằng nước. Sau khi gội xong dùng một chiếc khăn mềm, sạch để lau đầu từ trán xuống gáy cho bé giúp tóc khô và làm máu được lưu thông tốt.</p><p style=\"text-align: center;\"><img src=\"https://www.meyeucon360.com/upload/News/tre-so-sinh/dinh-duong-suc-khoe/cham_soc_toc_tre_so_sinh_1.jpg\"></p><p style=\"text-align: center;\"><em style=\"color: rgb(141, 141, 141);\">Lưu ý dùng đúng các mỹ phẩm chuyên dụng khi chăm sóc bé cho bé.</em></p><p style=\"text-align: justify;\">Do da đầu và tóc của trẻ còn yếu nên không dùng dầu gội đầu dành cho người lớn để gội cho bé vì những hoá chất có trong loại dầu này có thể gây ảnh hưởng đến nang tóc, ảnh hưởng đến quá trình mọc tóc... Bạn nên dùng loại dầu gội dành riêng cho trẻ sơ sinh để hạn chế những tác động xấu này.</p><p style=\"text-align: justify;\">Nên cho bé tắm nắng vào sáng sớm vì lượng vitamin D trong nắng sớm giúp trẻ mọc tóc tốt hơn. Chú ý đến thời gian tắm sáng phù hợp là khoảng 7 – 8h sáng khi ánh nắng chưa gay gắt, thời gian tắm nắng chỉ khoảng 10 – 20 phút.</p><p style=\"text-align: justify;\">Trong thời gian bé bú sữa thì mẹ nên ăn uống đầy đủ chất dinh dưỡng để giúp bé có đủ chất dinh dưỡng cần thiết cho sự phát triển. Ngoài ra khi bé lớn hơn một chút, bạn có thể bổ sung các chất dinh dưỡng tốt cho sự phát triển của tóc vào thực đơn ăn dặm thêm của bé.</p><p><br></p>','Chăm sóc tóc trẻ sơ sinh',23,1),(67,'20110384@student.hcmute.edu.vn','2023-05-19 15:58:56.062000','20110384@student.hcmute.edu.vn','2023-05-19 15:58:56.062000',1,'<h2><strong style=\"color: rgb(141, 141, 141);\"><em>Virus Zika gây ra bệnh đầu nhỏ ở trẻ em, hiện nay vẫn chữa có vắc xin hay thuốc chữa trị được, vì vậy chúng ta phải tự bảo vệ chính bản thân chúng ta và bé, bẵng những hiểu biết sau hi vọng ít nhiều giúp bạn hiểu hơn và có cách phòng ngừa tốt nhất…</em></strong></h2><p><em style=\"color: rgb(141, 141, 141);\"><img src=\"https://www.meyeucon360.com/upload/news/cham-soc-me-va-be/nhung_cach_bao_ve_ban_than_va_be_khoi_virus_zika_dau_nho_don_gian_0.jpg\"></em></p><p><em style=\"color: rgb(141, 141, 141);\">Theo Tổ chức Y tế Thế giới (WHO) thì muỗi là nguồn truyền bệnh cho con người nhiều và nguy hiểm hơn bất kỳ sinh vật nào khác, từ những bệnh nghe danh từ lâu như sốt rét, sốt xuất huyết, sốt vàng da, viêm não… nay lại thêm bệnh đang làm thế giới rúng động: bệnh đầu nhỏ.</em></p><p><em style=\"color: rgb(141, 141, 141);\">Tuy đang chủ yếu hoành hành ở các nước Mỹ Latin và vùng Caribbean nhưng dịch bệnh do virus Zika gây ra này đã từng bùng phát tại Đông Nam Á. Hiện nay, WHO đã tuyên bố tình trạng y tế khẩn cấp toàn cầu do diễn biến phức tạp và tốc độ lây lan nhanh của bệnh.</em></p><p><em style=\"color: rgb(141, 141, 141);\"><img src=\"https://www.meyeucon360.com/upload/news/cham-soc-me-va-be/nhung_cach_bao_ve_ban_than_va_be_khoi_virus_zika_dau_nho_don_gian_2.jpg\"></em></p><p><em style=\"color: rgb(141, 141, 141);\">Ở Việt Nam vừa đã có loại muỗi Aedes truyền virus Zika – cũng chính là loại muỗi truyền sốt xuất huyết – vừa sắp đến cao điểm du lịch và đi lại nên chúng ta, nhất là những phụ nữ đang mang thai hoặc dự định mang thai cần hết sức lưu ý để bảo vệ mình:</em></p><ul><li><em style=\"color: rgb(141, 141, 141);\">Tìm cách tránh xa muỗi, dùng cửa chắn muỗi, xịt thuốc muỗi, hoặc ở trong phòng kín có máy lạnh để ngăn muỗi vào, khi ngủ nhớ mắc màn…</em></li><li><em style=\"color: rgb(141, 141, 141);\">Dọn dẹp nhà cửa gọn gàng sạch sẽ, dọn bớt đồ đạc, phát quang bụi rậm, dọn hết những bãi phế liệu, những vũng nước đọng, đậy kín dụng cụ chứa nước để không tạo điều kiện cho muỗi đẻ trứng và sinh sôi;</em></li><li><em style=\"color: rgb(141, 141, 141);\">Bôi thuốc chống côn trùng, nếu đang mang thai, bạn nhớ hỏi bác sỹ về loại an toàn với thai phụ;</em></li><li><em style=\"color: rgb(141, 141, 141);\">Mặc quần áo dài, che kín da, quần áo nên có màu sáng để tránh thu hút muỗi;</em></li><li><em style=\"color: rgb(141, 141, 141);\">Tránh dùng các sản phẩm chăm sóc da có mùi hương thu hút muỗi;</em></li><li><em style=\"color: rgb(141, 141, 141);\">Lưu ý rằng loại muỗi truyền virus Zika thường hoạt động và đốt vào ban ngày;</em></li><li><em style=\"color: rgb(141, 141, 141);\">Mọi người, đặc biệt là phụ nữ mang thai hoặc dự định mang thai nên tránh đến những vùng đang có dịch bệnh; người vừa trở về từ những nơi đã có dịch bệnh cần theo dõi kỹ tình trạng của mình, tích cực phối hợp với ngành y tế.</em></li><li><em style=\"color: rgb(141, 141, 141);\"><img src=\"https://www.meyeucon360.com/upload/news/cham-soc-me-va-be/nhung_cach_bao_ve_ban_than_va_be_khoi_virus_zika_dau_nho_don_gian_4.jpg\"></em></li></ul><p><em style=\"color: rgb(141, 141, 141);\">Bệnh do virus Zika gây ra cho đến nay chưa có vaccine phòng ngừa, chưa có thuốc điều trị! Người mắc bệnh có thể bị sốt, đau cơ, đau mắt, nhức đầu… nhưng cũng rất nhiều trường hợp bệnh nhân không hề có bất cứ biểu hiện hay triệu chứng gì, điều này khiến dịch bệnh càng đáng ngại hơn, nên tốt nhất tất cả chúng ta hãy có ý thức tự bảo vệ mình cẩn thận ngay từ đầu!</em></p>','Những cách bảo vệ bản thân và bé khỏi virus Zika đầu nhỏ đơn giản',23,1),(68,'anhngocbui332@gmail.com','2023-05-19 16:10:03.557000','anhngocbui332@gmail.com','2023-05-19 16:10:03.557000',1,'<p><strong style=\"color: rgb(85, 85, 85); background-color: initial;\"><em>Nên đặt trẻ nằm ngủ ở&nbsp;</em></strong><strong style=\"color: red; background-color: transparent;\"><em>tư thế</em></strong><strong style=\"color: rgb(85, 85, 85); background-color: initial;\"><em>&nbsp;như nào là tốt</em></strong></p>','Nên đặt trẻ nằm ngủ ở tư thế như nào là tốt',6,2),(69,'thanhtoan08082002@gmail.com','2023-05-19 16:19:57.531000','thanhtoan08082002@gmail.com','2023-05-19 16:19:57.531000',1,'<p>Nên sắm những gì khi bé vào độ tuổi ăn dặm</p>','Độ tuổi ăn dặm',20,2),(70,'anhngocbui332@gmail.com','2023-05-19 16:25:57.609000','anhngocbui332@gmail.com','2023-05-19 16:25:57.609000',1,'<p><strong style=\"color: rgb(85, 85, 85); background-color: initial;\"><em>Có dấu hiệu nào để biết bé sơ sinh yêu mẹ không</em></strong></p>','Có dấu hiệu nào để biết bé sơ sinh yêu mẹ không',6,2);
/*!40000 ALTER TABLE `ap_post` ENABLE KEYS */;
UNLOCK TABLES;

--
-- Table structure for table `ap_role`
--

DROP TABLE IF EXISTS `ap_role`;
/*!40101 SET @saved_cs_client     = @@character_set_client */;
/*!50503 SET character_set_client = utf8mb4 */;
CREATE TABLE `ap_role` (
  `id` bigint NOT NULL AUTO_INCREMENT,
  `created_by` varchar(255) CHARACTER SET utf8mb3 COLLATE utf8mb3_bin NOT NULL,
  `created_date` datetime(6) NOT NULL,
  `modified_by` varchar(255) CHARACTER SET utf8mb3 COLLATE utf8mb3_bin NOT NULL,
  `modified_date` datetime(6) NOT NULL,
  `status` int DEFAULT NULL,
  `description` varchar(1000) CHARACTER SET utf8mb3 COLLATE utf8mb3_bin DEFAULT NULL,
  `name` varchar(255) CHARACTER SET utf8mb3 COLLATE utf8mb3_bin DEFAULT NULL,
  PRIMARY KEY (`id`),
  UNIQUE KEY `UK_41fhkn778whcbshfhjxsqeev3` (`name`)
) ENGINE=InnoDB AUTO_INCREMENT=5 DEFAULT CHARSET=utf8mb3 COLLATE=utf8mb3_bin;
/*!40101 SET character_set_client = @saved_cs_client */;

--
-- Dumping data for table `ap_role`
--

LOCK TABLES `ap_role` WRITE;
/*!40000 ALTER TABLE `ap_role` DISABLE KEYS */;
INSERT INTO `ap_role` VALUES (1,'admin@gmail.com','2023-05-06 20:47:09.832000','admin@gmail.com','2023-05-06 20:47:09.832000',1,'Role for super admin','ROLE SUPER ADMIN'),(2,'admin@gmail.com','2023-05-06 20:49:07.704000','admin@gmail.com','2023-05-06 20:49:07.704000',1,'Role for administrator','ROLE ADMIN'),(3,'admin@gmail.com','2023-05-06 20:52:22.570000','admin@gmail.com','2023-05-06 20:52:22.570000',1,'Role for expert','ROLE EXPERT'),(4,'admin@gmail.com','2023-05-06 20:54:01.759000','admin@gmail.com','2023-05-06 20:54:01.759000',1,'Role for end user','ROLE END USER');
/*!40000 ALTER TABLE `ap_role` ENABLE KEYS */;
UNLOCK TABLES;

--
-- Table structure for table `ap_user_profile`
--

DROP TABLE IF EXISTS `ap_user_profile`;
/*!40101 SET @saved_cs_client     = @@character_set_client */;
/*!50503 SET character_set_client = utf8mb4 */;
CREATE TABLE `ap_user_profile` (
  `account_id` bigint NOT NULL,
  `created_by` varchar(255) CHARACTER SET utf8mb3 COLLATE utf8mb3_bin NOT NULL,
  `created_date` datetime(6) NOT NULL,
  `modified_by` varchar(255) CHARACTER SET utf8mb3 COLLATE utf8mb3_bin NOT NULL,
  `modified_date` datetime(6) NOT NULL,
  `status` int DEFAULT NULL,
  `dob` datetime(6) DEFAULT NULL,
  `phone` varchar(255) CHARACTER SET utf8mb3 COLLATE utf8mb3_bin DEFAULT NULL,
  PRIMARY KEY (`account_id`),
  CONSTRAINT `FK7uedwh58u8fuahsewodbdyow3` FOREIGN KEY (`account_id`) REFERENCES `ap_account` (`id`)
) ENGINE=InnoDB DEFAULT CHARSET=utf8mb3 COLLATE=utf8mb3_bin;
/*!40101 SET character_set_client = @saved_cs_client */;

--
-- Dumping data for table `ap_user_profile`
--

LOCK TABLES `ap_user_profile` WRITE;
/*!40000 ALTER TABLE `ap_user_profile` DISABLE KEYS */;
INSERT INTO `ap_user_profile` VALUES (2,'khanh@gmail.com','2023-05-06 21:03:29.832000','khanh@gmail.com','2023-05-06 21:08:56.732000',1,'2002-04-21 15:34:04.000000','0101010101'),(6,'anhngocbui332@gmail.com','2023-05-08 00:39:47.884000','anhngocbui332@gmail.com','2023-05-08 00:39:47.884000',1,'2002-01-07 00:00:00.000000','0522971778'),(7,'20110374@student.hcmute.edu.vn','2023-05-08 09:07:27.257000','20110374@student.hcmute.edu.vn','2023-05-08 09:07:27.257000',1,'2002-07-29 00:00:00.000000','0934768673'),(8,'khangdeptry@gmail.com','2023-05-08 09:08:15.185000','khangdeptry@gmail.com','2023-05-08 09:08:15.185000',1,'2004-07-29 00:00:00.000000','0934768673'),(9,'admin@gmail.com','2023-05-10 11:47:33.788000','admin@gmail.com','2023-05-10 11:47:33.788000',1,'2002-07-29 00:00:00.000000','0934768674'),(10,'tester1@gmail.com','2023-05-10 14:20:20.945000','tester1@gmail.com','2023-05-10 14:20:20.945000',1,'2002-12-12 00:00:11.000000','0909090909'),(13,'admin@gmail.com','2023-05-10 15:57:57.200000','admin@gmail.com','2023-05-10 15:57:57.200000',1,'2002-07-29 00:00:00.000000','12345678'),(19,'admin@gmail.com','2023-05-15 14:45:33.332000','admin@gmail.com','2023-05-15 14:45:33.332000',1,'2002-01-07 00:00:00.000000','123123123123'),(20,'thanhtoan08082002@gmail.com','2023-05-19 15:14:57.589000','thanhtoan08082002@gmail.com','2023-05-19 15:14:57.589000',1,'2002-08-18 00:00:00.000000','0921708152'),(21,'toannguyenit239@gmail.com','2023-05-19 15:32:29.434000','toannguyenit239@gmail.com','2023-05-19 15:32:29.434000',1,'2002-01-07 07:01:02.000000','0522971778'),(22,'toannguyenit239@gmail.com','2023-05-19 15:37:52.124000','toannguyenit239@gmail.com','2023-05-19 15:37:52.124000',1,'2002-06-28 06:28:02.000000','0703679239'),(23,'toannguyenit239@gmail.com','2023-05-19 15:48:27.944000','toannguyenit239@gmail.com','2023-05-19 15:48:27.944000',1,'2002-06-28 06:28:02.000000','0522971778'),(24,'toannguyenit239@gmail.com','2023-05-19 15:50:22.511000','toannguyenit239@gmail.com','2023-05-19 15:50:22.511000',1,'2002-06-28 06:28:02.000000','0824704448'),(25,'thanhtoan0808@gmail.com','2023-05-19 23:38:43.615000','thanhtoan0808@gmail.com','2023-05-19 23:38:43.615000',1,'2002-12-12 00:00:00.000000','0703679239');
/*!40000 ALTER TABLE `ap_user_profile` ENABLE KEYS */;
UNLOCK TABLES;
/*!40103 SET TIME_ZONE=@OLD_TIME_ZONE */;

/*!40101 SET SQL_MODE=@OLD_SQL_MODE */;
/*!40014 SET FOREIGN_KEY_CHECKS=@OLD_FOREIGN_KEY_CHECKS */;
/*!40014 SET UNIQUE_CHECKS=@OLD_UNIQUE_CHECKS */;
/*!40101 SET CHARACTER_SET_CLIENT=@OLD_CHARACTER_SET_CLIENT */;
/*!40101 SET CHARACTER_SET_RESULTS=@OLD_CHARACTER_SET_RESULTS */;
/*!40101 SET COLLATION_CONNECTION=@OLD_COLLATION_CONNECTION */;
/*!40111 SET SQL_NOTES=@OLD_SQL_NOTES */;

-- Dump completed on 2023-05-20  0:18:49
